IDNumber,data,AgeInMonths,Gender,ParentHighestEducation,Ethnicity,Region,q0010,q0011,q0012,q0013,q0014,q0015,q0016,q0017,q0019,q0023,q0026,q0027,q0028,q0029,q0030,q0031,q0032,q0035,q0037,q0038,q0039,q0040,q0042,q0044,q0045,q0046,q0047,q0048,q0049,q0050,q0052,q0053,q0054,q0055,q0057,q0058,q0061,q0063,q0065,q0066,q0067,q0068,q0070,q0072,q0073,q0074,q0075,q0076,q0077,q0078,q0080,q0081,q0083,q0084,q0085,q0087,q0088,q0089,q0090,q0091,q0092,q0093,q0095,q0097,q0098,q0100,q0101,q0102,q0104,q0105,q0109,q0110,q0111,q0113,q0114,q0115,q0116,q0117,q0118,q0119,age_range,TOT_raw,SOC_raw,VIS_raw,HEA_raw,TOU_raw,TS_raw,BOD_raw,BAL_raw,PLA_raw
700202,Qual,8,Male,Some college or associate degree,White,south,2,1,1,1,1,2,3,1,3,1,2,4,1,4,4,2,2,3,4,1,3,1,1,2,2,2,2,2,1,1,2,1,1,4,1,1,1,2,1,1,1,1,1,1,1,2,2,1,1,1,1,2,1,1,1,1,1,1,1,1,1,1,2,2,1,1,1,1,1,1,1,1,1,4,4,1,1,4,4,4,07 to 10.5 mo,94,16,27,17,15,12,11,12,25
700203,Qual,6,Male,High school graduate (including GED),White,south,3,3,3,3,2,4,4,3,2,4,1,2,1,3,2,2,2,1,2,1,3,1,3,2,2,2,2,3,1,1,1,1,2,2,2,1,2,1,2,1,1,1,1,1,1,2,2,1,1,1,1,1,3,2,1,1,1,1,1,1,1,3,1,3,1,2,2,1,1,1,1,4,1,4,1,1,4,4,4,2,03.5 to 6 mo,93,31,17,20,15,12,13,16,26
700204,Qual,7,Male,High school graduate (including GED),MultiRacial,south,1,1,1,1,1,2,3,1,1,1,3,3,1,2,3,1,3,1,4,1,1,1,2,1,1,1,1,3,1,1,1,1,1,1,2,2,2,1,1,1,1,1,1,1,1,2,1,1,1,3,4,4,2,4,1,1,1,1,1,1,1,1,1,1,1,2,2,1,1,1,1,1,1,3,1,1,1,1,1,1,07 to 10.5 mo,93,13,22,13,13,13,20,12,12
700205,Qual,7,Male,High school graduate (including GED),MultiRacial,west,1,1,1,1,1,1,1,1,1,1,3,4,1,2,4,1,4,1,4,1,1,1,1,1,2,1,1,2,1,1,1,1,1,1,4,1,4,1,1,1,1,1,1,1,1,1,1,1,1,1,1,4,1,2,1,1,1,1,1,1,1,1,1,1,1,1,1,1,1,1,1,1,1,1,1,1,1,1,1,1,07 to 10.5 mo,87,10,25,12,16,10,14,10,10
700206,Qual,4,Male,Some college or associate degree,Black,south,1,1,1,1,1,1,1,1,1,1,1,1,1,2,2,1,2,1,4,1,1,1,1,2,1,1,1,2,1,1,1,1,1,1,2,1,3,1,1,1,1,1,1,1,1,1,1,1,1,1,1,3,1,1,1,1,1,1,1,1,1,1,1,1,1,1,1,1,1,1,1,1,1,1,1,1,1,1,1,1,03.5 to 6 mo,73,10,16,12,13,10,12,10,10
700207,Qual,6,Female,High school graduate (including GED),White,midwest,1,1,1,1,1,1,1,1,1,1,4,4,1,4,4,1,4,1,4,1,1,1,1,1,1,2,1,4,1,1,1,1,1,1,1,1,4,1,1,1,1,1,1,1,4,1,1,1,1,1,1,4,2,4,1,1,1,4,1,1,1,2,1,1,2,2,2,1,1,1,1,1,1,4,1,1,1,1,1,1,03.5 to 6 mo,102,10,28,14,13,13,20,14,13
700208,Qual,6,Male,High school graduate (including GED),Hispanic,northeast,1,2,1,1,1,1,1,2,1,1,1,3,1,3,3,1,2,1,3,1,1,1,2,1,2,2,1,2,1,1,1,1,1,1,2,2,3,1,1,1,1,1,1,1,1,1,1,1,1,1,1,4,2,4,1,1,1,1,1,1,2,3,1,1,1,2,2,1,1,1,2,1,1,4,2,1,1,3,1,1,03.5 to 6 mo,89,12,19,14,14,10,17,15,17
700209,Qual,5,Female,High school graduate (including GED),White,midwest,1,1,1,1,1,1,1,1,1,1,4,4,1,4,4,1,2,1,1,1,1,1,1,1,1,1,1,1,1,1,1,1,1,1,1,1,2,1,1,1,1,1,1,1,1,1,1,1,1,1,1,3,1,1,1,1,1,1,1,1,1,1,1,1,1,1,1,1,1,1,1,1,1,1,1,1,1,1,1,1,03.5 to 6 mo,76,10,23,10,11,10,12,10,10
700210,Qual,9,Female,High school graduate (including GED),White,south,1,1,1,1,1,2,4,3,2,1,2,3,1,3,4,1,4,1,4,1,2,1,1,3,2,4,2,2,2,1,2,1,2,2,1,1,3,3,2,1,1,1,1,1,1,1,2,1,1,1,3,4,1,1,2,1,1,1,1,1,2,1,1,1,1,2,1,1,1,1,1,1,1,1,1,1,1,2,1,1,07 to 10.5 mo,101,17,24,20,18,11,16,12,11
700211,Qual,6,Female,Some college or associate degree,Hispanic,northeast,1,1,2,2,1,3,1,2,1,1,2,4,1,2,4,1,2,1,1,2,2,1,2,1,2,1,2,4,1,1,1,1,1,1,2,1,2,1,1,2,1,1,1,1,1,1,2,1,1,2,2,2,2,2,1,2,1,1,1,1,1,1,1,1,1,1,1,1,1,1,1,2,1,2,1,1,1,1,1,1,03.5 to 6 mo,87,15,20,17,13,12,15,10,12
700212,Qual,6,Female,Some college or associate degree,White,south,1,1,1,1,1,1,2,1,3,1,1,2,1,2,2,1,2,1,2,1,1,1,1,2,1,1,1,3,1,1,2,2,2,2,2,2,2,1,1,1,1,1,1,1,1,1,1,1,1,1,1,4,3,3,1,1,1,1,1,1,1,2,1,1,1,1,1,1,1,1,1,1,1,1,1,1,1,1,2,1,03.5 to 6 mo,83,13,15,13,17,10,17,11,11
700213,Qual,5,Male,High school graduate (including GED),Black,west,1,1,1,1,1,2,2,3,1,1,1,2,1,2,2,1,2,1,2,1,1,1,1,2,2,2,1,3,1,1,1,1,1,1,1,1,2,1,2,2,1,1,1,1,1,1,1,1,2,1,1,3,2,2,1,2,1,1,1,1,1,2,2,2,2,3,3,1,1,1,1,1,1,2,2,1,2,2,1,1,03.5 to 6 mo,87,14,15,15,13,11,15,18,14
700214,Qual,7,Male,Some college or associate degree,Hispanic,west,1,1,1,2,1,2,2,2,2,2,2,3,1,3,3,2,3,1,3,1,1,2,2,1,2,2,2,3,2,1,1,2,1,2,2,1,3,2,2,1,1,1,1,1,1,1,3,1,2,1,1,3,2,3,1,1,1,1,1,1,1,1,1,2,1,1,1,1,1,1,2,2,1,4,2,2,4,4,4,2,07 to 10.5 mo,96,16,22,18,17,13,15,11,27
700215,Qual,8,Female,High school graduate (including GED),Hispanic,west,1,1,1,1,1,1,1,1,1,1,3,3,3,4,4,1,3,1,3,1,2,1,1,3,3,3,3,3,1,1,1,1,1,1,1,1,1,1,1,1,2,1,1,2,2,2,2,2,2,2,2,2,2,3,1,2,1,1,1,1,2,1,1,1,1,1,1,1,1,1,2,2,3,2,2,2,2,2,1,1,07 to 10.5 mo,102,10,26,21,10,18,16,11,19
700216,Qual,5,Male,Did not complete high school (no diploma),White,south,1,4,1,1,1,2,1,1,1,4,3,4,1,4,4,1,2,1,4,1,1,1,2,2,2,2,1,4,1,1,1,1,1,2,2,1,3,1,1,1,1,3,1,1,1,1,1,1,1,1,2,3,3,4,1,1,1,1,1,2,1,2,1,1,1,4,1,1,1,1,1,1,1,1,1,1,1,2,2,1,03.5 to 6 mo,101,17,25,17,14,12,19,14,12
700217,Qual,8,Female,Some college or associate degree,White,south,1,1,1,1,2,1,1,2,2,2,3,3,1,2,3,1,2,1,3,1,1,1,1,1,1,2,1,2,1,1,1,1,1,1,2,1,3,1,1,1,1,1,1,1,1,1,1,1,1,1,2,3,1,2,1,2,1,2,1,1,1,2,2,2,2,2,1,1,1,1,1,1,1,1,1,1,1,2,2,2,07 to 10.5 mo,86,14,20,12,13,10,16,15,13
700218,Qual,6,Male,Some college or associate degree,White,south,1,1,1,1,1,2,3,2,1,1,3,2,1,2,4,1,3,2,4,1,1,1,2,2,1,1,1,2,3,1,1,1,1,2,1,1,2,2,1,1,1,1,1,1,1,1,3,1,1,1,1,4,2,2,1,1,1,1,1,1,1,1,1,1,1,1,2,1,1,1,2,1,1,1,1,1,2,3,1,2,03.5 to 6 mo,89,14,23,15,13,12,15,11,15
700219,Qual,4,Female,High school graduate (including GED),Hispanic,south,1,1,1,1,1,2,3,1,1,1,2,2,1,4,4,1,3,1,4,1,1,1,2,2,1,1,1,1,1,1,1,1,1,1,3,1,3,1,2,2,1,1,1,1,2,1,2,1,1,1,1,3,3,2,1,1,1,1,1,1,1,2,1,1,1,2,2,1,1,1,1,1,1,4,1,1,1,1,4,4,03.5 to 6 mo,91,13,23,12,16,12,15,13,19
700220,Qual,6,Female,Some college or associate degree,White,northeast,1,1,1,1,1,3,4,1,1,1,4,2,2,4,2,1,2,2,3,1,1,1,1,2,1,3,1,2,1,1,1,1,1,2,2,1,3,1,2,1,1,1,1,1,1,1,1,1,1,1,1,3,1,2,1,1,1,1,1,1,1,4,3,2,2,2,2,3,2,2,1,1,1,1,1,1,1,1,1,1,03.5 to 6 mo,98,15,23,14,15,10,13,23,10
700221,Qual,8,Male,Some college or associate degree,White,midwest,1,1,1,2,1,2,1,3,2,1,4,2,1,2,3,1,4,1,4,1,1,1,1,1,1,1,1,3,1,1,1,1,1,1,1,1,2,1,1,1,1,1,1,1,1,1,2,1,1,1,1,3,2,1,1,1,1,1,1,1,1,3,1,1,1,2,1,1,1,1,1,1,1,2,1,1,2,3,1,1,07 to 10.5 mo,83,15,23,12,11,11,13,13,14
700222,Qual,7,Female,Some college or associate degree,White,midwest,2,1,2,1,1,2,2,2,2,2,2,2,2,2,2,1,2,1,2,1,1,1,1,1,1,1,1,2,1,1,1,1,1,2,2,2,2,1,2,1,1,2,1,1,2,2,1,1,1,2,1,2,1,2,1,1,1,1,1,1,1,2,1,1,2,1,2,2,1,1,1,1,1,1,2,2,1,2,2,2,07 to 10.5 mo,83,17,17,11,15,14,12,14,15
700223,Qual,5,Female,High school graduate (including GED),White,midwest,2,1,2,1,1,1,3,1,1,3,3,4,1,1,4,1,4,1,3,1,1,1,1,1,1,1,1,3,1,1,1,1,1,1,1,1,2,1,1,1,1,1,1,1,1,1,1,1,1,1,1,3,1,2,1,1,1,1,1,1,1,1,1,1,1,1,1,1,1,1,1,1,1,1,1,1,1,1,1,1,03.5 to 6 mo,79,16,23,12,11,10,13,10,10
700224,Qual,8,Male,Some college or associate degree,White,midwest,1,2,1,1,1,2,2,1,1,2,2,3,1,2,3,1,2,1,2,1,1,1,1,1,2,2,1,3,1,1,1,1,1,2,2,1,3,3,2,3,1,1,1,1,1,2,1,1,2,1,2,4,1,3,2,1,1,2,1,1,1,2,2,2,1,2,2,1,2,1,1,1,1,1,2,1,2,1,1,2,07 to 10.5 mo,97,14,18,14,19,12,18,16,13
700225,Qual,5,Male,Some college or associate degree,Hispanic,west,1,2,2,1,1,2,3,1,2,2,4,4,2,4,4,1,2,2,4,3,1,1,1,2,1,1,1,3,1,1,2,1,1,4,1,1,4,1,1,2,1,1,1,1,1,1,1,1,1,2,1,4,1,3,1,1,1,1,1,1,1,2,2,1,2,1,2,1,1,1,1,1,1,1,1,1,1,1,1,1,03.5 to 6 mo,101,17,30,13,18,11,15,14,10
700226,Qual,7,Female,Some college or associate degree,Black,south,1,1,1,1,1,1,1,1,1,1,4,4,4,4,4,4,4,4,4,1,1,1,1,1,1,1,1,1,1,1,1,1,1,1,1,1,1,1,1,1,1,1,1,1,1,1,1,1,1,1,1,4,1,1,1,1,1,1,1,1,1,1,1,1,1,1,1,1,1,1,1,1,1,1,1,1,1,1,1,1,07 to 10.5 mo,90,10,37,10,10,10,13,10,10
700227,Qual,8,Male,Some college or associate degree,White,midwest,1,1,1,2,1,2,1,1,1,1,2,1,1,1,2,1,3,1,1,1,1,1,2,2,1,3,1,3,1,1,1,1,1,1,3,1,1,2,2,1,1,1,1,1,1,1,1,1,2,1,1,2,1,1,1,1,1,1,1,1,1,2,1,1,2,3,2,1,1,1,1,1,1,1,2,1,1,1,1,1,07 to 10.5 mo,81,12,14,16,14,11,11,15,11
700228,Qual,7,Female,Some college or associate degree,White,west,1,1,2,2,1,2,2,1,2,2,3,2,1,2,3,1,2,1,2,1,2,1,2,1,2,2,1,2,2,1,2,1,1,2,2,2,2,2,2,1,1,1,1,1,1,1,1,1,2,1,1,4,2,2,2,1,2,2,1,1,1,2,2,2,1,2,2,1,2,1,2,1,1,2,2,1,2,2,2,2,07 to 10.5 mo,96,16,18,16,17,11,18,16,17
700229,Qual,5,Female,Some college or associate degree,White,midwest,1,1,1,1,1,1,1,1,1,1,4,4,1,1,4,1,4,1,4,1,1,4,1,1,1,2,1,1,1,1,1,1,1,2,2,2,2,1,2,1,1,1,1,1,2,1,1,1,2,1,1,3,1,1,1,2,1,1,1,1,1,2,1,2,3,4,2,1,1,1,1,1,1,1,1,1,1,1,1,1,03.5 to 6 mo,97,10,25,14,15,12,13,18,10
700230,Qual,8,Male,High school graduate (including GED),MultiRacial,west,1,1,1,1,1,2,1,1,1,1,3,4,1,2,2,1,2,1,3,1,1,1,1,2,1,1,1,4,1,1,1,1,1,1,2,2,2,1,1,2,1,1,1,1,1,1,2,1,1,1,1,4,2,2,1,2,1,1,1,1,1,1,1,1,1,1,2,1,1,1,1,1,1,4,1,1,2,2,1,2,07 to 10.5 mo,86,11,20,14,14,11,16,11,16
700231,Qual,4,Female,High school graduate (including GED),Hispanic,south,1,1,1,1,1,1,1,1,1,1,3,2,1,2,1,1,1,1,1,1,1,1,1,1,1,1,1,1,1,1,1,1,1,1,2,1,1,1,1,1,1,1,1,1,1,1,1,1,2,1,1,1,1,4,1,1,1,1,1,1,1,1,1,1,1,1,1,1,1,1,1,1,1,1,1,1,1,1,1,1,03.5 to 6 mo,69,10,14,10,11,11,13,10,10
700232,Qual,5,Female,Some college or associate degree,White,midwest,1,2,1,1,1,2,3,1,1,1,3,3,1,4,4,1,4,1,3,1,1,1,1,1,1,2,1,2,1,1,1,1,1,3,2,2,2,2,2,2,1,1,1,1,1,1,1,1,1,1,1,3,1,1,1,1,1,1,1,1,1,2,1,2,1,3,2,1,1,1,1,1,1,1,1,1,1,1,1,1,03.5 to 6 mo,92,14,25,12,18,10,12,15,10
700233,Qual,6,Male,High school graduate (including GED),White,south,3,3,3,3,3,3,3,3,3,2,2,2,2,2,2,2,2,2,2,3,2,2,2,2,2,2,2,2,2,2,2,1,1,1,1,1,1,1,1,1,1,1,1,1,1,1,1,1,1,1,1,1,1,1,1,1,1,1,1,1,1,2,1,2,2,1,1,2,1,1,1,1,2,2,2,1,2,1,1,1,03.5 to 6 mo,86,29,21,20,11,10,10,14,14
700235,Qual,5,Female,High school graduate (including GED),Hispanic,south,1,1,1,1,1,3,4,1,3,4,4,4,1,4,4,1,2,1,4,1,2,2,1,1,1,2,1,2,2,1,1,1,1,2,2,2,3,1,1,1,1,1,1,1,1,1,1,1,1,1,1,2,2,3,1,1,1,1,1,1,1,2,2,1,1,3,3,1,1,1,1,2,1,1,1,1,1,1,1,1,03.5 to 6 mo,96,20,26,15,15,10,14,16,11
700236,Qual,8,Female,High school graduate (including GED),MultiRacial,south,1,1,1,1,1,1,1,1,1,1,2,3,1,2,3,1,3,1,2,1,1,1,1,1,1,1,1,4,1,1,1,1,1,1,2,1,4,1,2,2,1,1,1,1,1,1,1,1,1,1,1,3,3,2,1,1,2,1,1,1,1,1,1,2,1,2,3,1,2,1,1,1,1,1,1,1,1,1,1,1,07 to 10.5 mo,89,10,19,13,16,10,16,15,10
700237,Qual,8,Male,Some college or associate degree,White,midwest,1,1,2,1,3,3,2,2,1,2,3,4,1,2,3,1,4,1,2,1,1,1,2,2,2,1,1,2,1,1,1,1,1,2,3,2,2,2,2,3,1,1,1,1,1,2,1,1,2,1,2,4,1,2,1,1,2,3,1,1,1,2,2,2,1,2,2,2,2,2,1,1,2,4,2,1,4,4,2,2,07 to 10.5 mo,103,18,22,14,19,12,18,18,23
700238,Qual,7,Male,Did not complete high school (no diploma),White,northeast,1,2,1,1,1,3,3,1,1,1,2,2,1,2,2,1,2,1,2,1,1,1,2,1,1,1,1,2,1,1,1,1,1,2,2,1,2,1,2,1,1,1,1,1,1,1,1,1,1,1,1,2,1,1,1,1,1,1,1,1,1,2,2,1,1,2,2,1,1,1,1,1,1,2,2,2,2,2,1,1,07 to 10.5 mo,77,15,16,12,14,10,11,14,15
700239,Qual,5,Female,Some college or associate degree,Black,west,1,2,1,1,1,2,4,1,1,1,3,3,1,2,3,1,3,1,2,1,3,1,1,1,1,1,1,1,1,1,1,1,1,1,2,1,3,1,1,1,1,1,1,1,1,1,1,1,1,1,1,3,2,4,1,1,1,1,1,1,1,2,2,1,1,2,3,1,1,2,1,1,1,1,1,1,1,1,1,1,03.5 to 6 mo,87,15,20,12,13,10,16,16,10
700240,Qual,4,Male,Some college or associate degree,Hispanic,northeast,1,1,1,1,1,1,1,1,1,1,3,3,1,1,3,1,1,1,2,1,1,1,1,1,1,1,1,1,1,1,1,1,1,2,2,1,3,1,1,1,1,1,1,1,1,1,1,1,1,1,1,1,1,1,1,1,1,1,1,1,1,2,1,1,1,1,1,1,1,1,1,1,1,1,1,1,1,1,1,1,03.5 to 6 mo,72,10,17,10,14,10,10,11,10
700241,Qual,4,Female,Some college or associate degree,MultiRacial,midwest,2,2,2,2,1,3,3,1,1,1,2,2,1,3,2,1,1,1,3,1,2,1,1,1,2,2,1,1,1,1,2,1,1,1,2,2,2,1,2,1,1,1,1,1,1,1,1,1,1,1,1,3,1,2,1,1,1,1,1,1,1,2,2,1,1,1,2,2,2,2,2,2,2,1,1,1,1,1,1,1,03.5 to 6 mo,84,18,17,13,15,10,13,16,13
700242,Qual,6,Female,Some college or associate degree,White,midwest,1,2,2,1,2,4,3,2,1,1,4,4,1,2,4,1,2,1,2,1,3,1,1,1,1,1,1,3,1,1,2,1,2,2,1,1,3,4,1,3,1,1,2,1,2,3,1,3,1,1,1,2,1,1,1,2,1,1,1,1,1,1,1,1,2,2,2,1,1,1,1,1,1,1,1,1,1,2,2,2,03.5 to 6 mo,97,19,22,14,20,16,12,13,13
700243,Qual,7,Male,Some college or associate degree,White,south,1,1,1,1,1,2,1,2,1,2,2,4,1,4,3,1,2,1,4,1,1,1,2,1,1,1,1,3,2,1,1,1,1,1,2,2,3,2,3,1,1,2,1,2,2,1,1,1,2,1,2,4,3,3,1,1,1,2,1,1,1,3,1,2,1,2,1,1,2,1,1,1,1,4,3,2,4,2,4,3,07 to 10.5 mo,102,13,23,14,17,14,19,15,25
700244,Qual,7,Female,High school graduate (including GED),White,west,1,1,1,1,1,2,2,1,1,1,3,3,2,2,3,1,2,1,2,1,2,1,1,2,1,2,2,2,1,1,1,1,1,2,2,2,3,2,2,1,2,3,1,1,2,1,1,2,1,1,2,3,2,2,1,2,1,2,1,1,1,1,1,1,1,2,2,1,1,1,1,1,1,2,2,1,2,1,1,1,07 to 10.5 mo,96,12,20,15,17,15,17,12,13
700245,Qual,9,Female,Some college or associate degree,Hispanic,northeast,1,1,1,1,1,2,1,2,1,2,2,4,1,1,4,1,1,1,3,1,2,1,1,2,2,2,1,4,1,1,1,1,1,2,2,1,4,2,2,1,2,1,1,2,1,2,1,1,2,2,2,4,2,4,1,1,1,2,1,1,3,1,2,2,1,2,2,3,2,1,1,1,1,4,1,1,2,1,1,1,07 to 10.5 mo,106,13,19,17,17,15,19,19,14
700247,Qual,5,Male,High school graduate (including GED),White,south,1,3,1,1,1,2,1,2,1,1,3,4,2,4,3,1,2,1,3,1,1,1,1,2,1,1,1,3,1,1,1,1,1,1,2,2,2,1,2,1,1,1,1,1,1,2,1,1,1,4,2,3,3,3,1,1,1,1,1,1,1,2,2,2,3,2,4,1,1,1,1,1,1,4,3,1,4,2,3,2,03.5 to 6 mo,101,14,24,13,14,14,17,19,22
700248,Qual,6,Male,High school graduate (including GED),Hispanic,west,1,3,1,1,1,1,3,2,1,1,2,3,1,2,2,1,2,1,2,1,2,1,1,1,1,2,1,2,1,1,1,1,1,1,1,1,2,1,2,1,1,1,1,1,1,1,1,1,1,1,1,2,1,3,1,1,1,1,1,1,1,2,2,2,2,3,2,1,1,2,1,1,1,1,1,1,1,1,1,1,03.5 to 6 mo,83,15,17,13,12,10,13,18,10
700249,Qual,6,Female,High school graduate (including GED),White,south,1,1,1,1,1,1,1,1,1,1,4,4,2,4,4,1,1,1,2,1,1,1,1,1,1,1,1,4,1,1,1,1,1,2,2,1,4,2,2,1,1,1,1,1,1,2,1,1,1,1,1,4,3,3,1,1,1,1,1,1,1,1,1,2,1,1,3,1,1,1,1,1,1,1,1,1,1,2,1,1,03.5 to 6 mo,95,10,24,13,17,11,17,13,11
700250,Qual,8,Male,Some college or associate degree,White,south,1,1,1,2,1,3,3,1,1,1,1,4,1,4,4,1,4,1,4,1,1,1,1,1,1,1,1,2,1,1,1,1,1,2,2,1,4,2,1,2,1,1,2,1,1,2,2,2,2,3,1,4,2,1,1,3,1,1,2,1,1,1,1,2,1,2,2,1,1,1,1,1,1,2,1,1,2,2,1,1,07 to 10.5 mo,100,15,25,11,17,17,17,13,13
700251,Qual,8,Male,High school graduate (including GED),Black,south,1,1,1,1,1,1,3,1,1,1,2,4,1,4,4,1,4,1,4,1,2,1,1,1,3,1,1,4,1,1,1,1,1,1,1,1,4,1,1,1,1,1,1,1,1,1,1,1,1,4,1,4,1,4,4,4,1,4,1,4,1,1,1,1,1,1,1,1,1,1,1,1,1,1,1,1,1,1,1,1,07 to 10.5 mo,106,12,26,16,13,13,28,10,10
700252,Qual,10,Female,High school graduate (including GED),White,south,2,3,1,1,3,3,2,1,1,1,3,3,3,2,2,3,1,1,3,1,4,1,1,1,1,3,1,2,1,1,2,1,1,4,4,1,4,1,1,1,2,1,1,2,1,1,1,1,1,1,1,3,1,1,1,1,1,1,1,1,1,2,2,1,2,3,2,4,1,1,1,1,2,1,1,1,1,1,1,1,07 to 10.5 mo,101,18,22,16,20,12,12,19,11
700253,Qual,4,Male,High school graduate (including GED),White,midwest,1,1,1,1,1,1,4,1,2,1,4,4,1,4,4,1,2,1,4,1,1,1,1,1,1,1,1,1,1,1,1,1,1,1,2,1,4,1,2,1,1,1,1,1,1,1,1,1,1,1,1,4,1,4,1,1,1,1,1,1,1,2,1,1,1,1,1,1,1,1,1,1,1,1,1,2,1,1,1,1,03.5 to 6 mo,88,14,26,10,15,10,16,11,11
700254,Qual,4,Female,High school graduate (including GED),White,south,1,1,1,1,1,1,2,2,1,1,2,4,1,3,3,1,3,1,1,2,1,1,1,1,2,1,1,2,1,1,1,1,1,1,3,1,3,1,2,1,1,1,1,1,1,1,1,1,1,1,1,3,3,2,1,1,1,1,1,1,1,2,1,1,1,2,3,1,1,1,1,1,1,1,1,1,1,1,1,1,03.5 to 6 mo,87,12,21,12,15,10,15,14,10
700255,Qual,4,Male,High school graduate (including GED),White,west,2,2,3,1,2,2,2,3,2,3,2,2,1,2,2,1,2,1,2,2,1,1,2,1,2,2,2,2,2,2,1,1,1,1,1,2,3,1,1,1,1,1,1,1,1,1,1,1,1,1,1,2,2,2,1,1,2,1,2,1,1,2,1,2,2,2,2,1,1,1,2,2,2,4,2,2,4,1,2,2,03.5 to 6 mo,87,22,17,17,13,10,15,15,23
700256,Qual,5,Male,High school graduate (including GED),White,northeast,1,2,2,1,1,2,1,1,1,1,2,3,1,3,4,1,3,1,3,1,1,1,1,1,2,1,1,2,2,1,1,1,1,1,2,2,2,1,2,1,1,1,1,1,1,1,1,1,1,1,1,3,3,2,1,1,1,1,1,1,2,2,1,2,1,2,2,1,1,1,1,1,1,4,1,1,4,2,3,2,03.5 to 6 mo,89,13,22,13,14,10,15,15,20
700257,Qual,7,Male,High school graduate (including GED),White,south,2,1,1,1,1,2,1,1,1,1,3,2,2,2,3,1,3,1,3,2,1,1,2,3,2,2,1,2,1,1,1,1,1,2,3,2,4,1,1,3,1,1,1,1,1,1,2,1,1,1,2,3,1,1,1,1,1,1,1,2,1,1,2,1,3,3,3,1,1,1,1,1,1,1,1,1,1,1,2,1,07 to 10.5 mo,99,12,22,16,19,11,14,17,11
700258,Qual,9,Male,High school graduate (including GED),White,south,3,3,3,2,2,3,1,3,2,1,2,4,2,4,2,1,2,2,2,2,1,1,2,2,2,1,2,3,1,1,2,1,1,2,3,1,1,1,1,3,1,2,1,1,1,1,1,1,1,1,3,4,1,2,2,3,2,2,1,1,1,2,1,1,2,2,4,1,1,1,1,2,1,2,2,2,2,2,2,2,07 to 10.5 mo,103,23,23,16,16,11,21,16,18
700259,Qual,9,Female,High school graduate (including GED),Hispanic,midwest,1,1,1,1,1,1,1,1,1,1,4,3,2,3,4,1,3,1,2,1,1,1,1,1,1,2,1,2,1,1,1,1,1,1,2,2,1,1,1,2,1,1,1,1,1,1,1,1,2,1,1,4,2,1,1,1,1,1,1,1,1,1,1,1,2,2,2,1,1,1,1,1,1,1,1,1,1,1,1,1,07 to 10.5 mo,87,10,24,12,13,11,14,13,10
700260,Qual,4,Female,High school graduate (including GED),White,northeast,1,1,1,1,1,1,1,1,1,1,1,4,1,3,4,1,4,1,4,1,1,1,1,1,1,1,1,2,1,1,1,1,1,1,1,1,3,1,2,1,1,1,1,1,1,1,1,1,1,1,1,2,2,3,1,1,1,1,1,1,1,2,2,1,1,2,2,1,1,1,1,1,1,1,1,1,1,1,1,1,03.5 to 6 mo,86,10,24,11,13,10,14,14,10
700261,Qual,4,Male,High school graduate (including GED),Black,south,1,4,1,1,1,3,1,1,1,1,2,3,1,4,3,1,1,1,2,1,1,1,1,1,1,2,2,2,1,1,1,1,2,2,4,1,2,4,2,1,2,3,4,2,1,2,2,2,4,3,2,3,4,4,4,3,3,4,4,3,1,2,1,1,1,1,1,1,2,1,4,3,4,3,1,1,2,3,3,3,03.5 to 6 mo,123,15,19,13,20,25,34,12,27
700262,Qual,7,Female,Some college or associate degree,Hispanic,south,1,1,1,1,1,2,3,1,1,1,2,3,1,3,3,1,3,1,4,1,2,1,1,1,1,2,1,2,1,1,2,2,1,1,2,1,2,1,2,1,1,1,1,1,1,1,1,1,1,1,1,2,2,2,1,1,1,1,1,1,1,2,1,1,1,2,2,1,1,1,1,1,1,4,2,1,2,1,1,1,07 to 10.5 mo,86,13,22,13,15,10,13,13,15
700263,Qual,7,Female,Some college or associate degree,White,midwest,1,1,1,1,1,1,1,1,1,1,2,3,1,2,2,1,2,1,3,1,1,1,1,2,1,1,1,2,1,1,1,1,1,1,2,2,3,1,2,2,1,2,1,1,1,1,1,1,1,1,1,2,2,2,1,2,2,2,1,1,1,1,2,2,1,2,2,1,2,1,1,1,1,2,2,2,2,1,1,1,07 to 10.5 mo,88,10,18,12,16,11,16,15,14
700264,Qual,9,Male,Some college or associate degree,Hispanic,midwest,1,1,1,1,1,1,1,3,1,1,4,4,2,4,3,1,2,2,4,1,2,1,2,1,2,2,1,3,1,1,1,1,2,1,3,2,2,1,1,2,2,1,1,1,1,1,1,2,1,1,3,3,2,2,1,2,1,1,1,1,1,1,1,1,2,2,2,1,1,1,1,1,1,1,1,2,2,2,2,1,07 to 10.5 mo,101,12,27,16,16,12,17,13,14
700265,Qual,7,Female,Some college or associate degree,Hispanic,south,1,2,1,2,1,2,1,1,1,1,4,3,1,1,2,1,1,1,3,1,1,3,1,1,2,1,1,1,1,1,1,1,1,1,1,1,2,3,3,1,1,1,1,1,1,1,1,1,3,1,1,4,1,1,1,1,1,1,1,1,1,3,1,1,1,1,1,1,1,1,1,1,1,1,2,2,1,1,1,1,07 to 10.5 mo,83,13,18,13,15,12,13,12,12
700266,Qual,8,Male,High school graduate (including GED),Hispanic,west,1,1,1,1,1,1,1,1,1,1,4,3,1,3,3,1,3,1,3,1,2,1,1,1,1,1,1,4,1,1,1,1,1,2,1,2,2,1,1,1,1,1,1,1,1,2,1,2,1,3,2,3,3,3,1,1,1,1,1,1,1,1,2,1,1,1,1,1,1,1,1,1,1,1,1,1,1,1,2,1,07 to 10.5 mo,92,10,23,14,13,14,17,11,11
700267,Qual,8,Male,Some college or associate degree,White,northeast,1,1,1,1,1,2,1,1,1,1,2,2,1,1,3,1,3,2,1,1,2,1,1,1,1,2,1,3,1,1,1,1,1,2,1,1,1,1,1,1,1,1,1,1,1,2,1,2,2,2,1,2,1,2,1,1,1,1,1,1,2,2,1,1,2,2,1,1,2,1,1,1,1,1,1,1,1,1,1,1,07 to 10.5 mo,83,11,17,14,11,14,12,15,10
700268,Qual,4,Male,Some college or associate degree,MultiRacial,south,1,1,1,1,1,2,2,2,2,1,2,4,1,4,3,1,3,1,3,1,1,1,2,2,2,1,2,2,2,1,2,1,1,1,2,2,4,2,2,1,1,1,1,1,1,1,1,1,1,1,1,3,1,2,1,1,1,2,1,1,1,2,1,2,1,1,2,1,1,1,1,1,1,3,1,1,2,1,1,1,03.5 to 6 mo,94,14,23,16,18,10,14,13,13
700269,Qual,4,Male,Did not complete high school (no diploma),White,south,1,1,1,1,1,1,1,1,1,1,2,4,1,1,4,1,4,1,1,1,1,1,1,1,1,1,1,3,1,1,1,1,1,1,1,1,1,1,1,1,1,1,1,1,1,1,1,1,1,1,1,4,1,1,1,1,1,1,1,1,1,1,1,1,1,1,1,1,1,1,1,1,1,4,1,1,1,3,1,1,03.5 to 6 mo,75,10,20,12,10,10,13,10,15
700270,Qual,5,Male,Some college or associate degree,Hispanic,northeast,1,1,1,2,1,1,2,1,1,1,2,3,1,2,1,1,2,2,4,1,1,1,2,1,2,1,1,2,1,1,1,1,1,3,2,2,4,1,4,1,1,1,1,1,1,1,1,1,1,1,1,4,1,2,1,2,1,1,1,1,2,2,1,1,2,2,2,1,2,1,4,2,4,4,1,2,4,4,4,3,03.5 to 6 mo,93,12,19,13,20,10,15,16,32
700271,Qual,5,Male,Some college or associate degree,Other,midwest,2,1,1,1,1,2,1,2,1,1,3,1,1,1,3,1,2,1,3,1,1,1,1,1,1,1,1,3,1,1,1,1,1,1,2,1,3,1,2,2,1,1,1,1,1,2,1,1,1,1,1,2,2,1,1,1,1,1,1,1,1,1,1,1,1,1,1,2,1,1,1,1,1,1,1,1,1,1,1,1,03.5 to 6 mo,78,13,17,12,15,11,12,11,10
700272,Qual,8,Female,Some college or associate degree,White,midwest,2,2,2,2,2,2,2,2,2,1,2,1,1,1,2,1,2,1,2,1,1,1,2,2,2,1,1,3,1,1,1,1,1,1,3,2,2,1,2,1,1,1,1,1,1,1,1,1,1,1,1,3,1,2,2,1,1,1,1,1,1,2,1,1,1,2,2,2,2,1,1,1,1,4,2,1,2,2,2,2,07 to 10.5 mo,83,19,14,15,15,10,14,15,18
700273,Qual,4,Male,Some college or associate degree,Hispanic,west,1,1,1,1,1,2,2,1,1,2,2,3,1,2,2,1,1,1,4,1,2,1,1,1,2,1,1,2,1,1,1,1,1,1,1,1,2,1,1,1,1,1,1,1,1,1,1,1,1,1,1,1,2,2,1,1,1,1,1,1,1,2,1,1,1,1,2,1,1,1,1,1,1,1,1,1,1,1,1,1,03.5 to 6 mo,76,13,18,13,11,10,12,12,10
700274,Qual,5,Female,Some college or associate degree,Black,midwest,1,2,2,1,1,3,2,2,1,4,4,3,1,2,3,1,3,1,2,1,1,1,1,1,2,1,1,2,1,1,1,1,1,1,2,1,2,1,1,1,1,1,1,1,1,1,1,1,1,1,2,2,2,2,1,1,1,1,1,1,1,2,2,2,1,1,1,1,2,1,1,1,1,1,1,1,1,1,1,1,03.5 to 6 mo,83,19,21,12,12,10,14,14,10
700275,Qual,8,Female,Some college or associate degree,White,south,1,1,1,1,1,1,1,1,1,1,4,4,1,1,4,2,2,1,4,1,1,1,1,1,2,1,1,2,1,1,1,1,1,1,1,1,3,2,2,2,1,1,1,1,1,1,4,2,2,3,2,4,1,1,1,1,1,1,1,1,1,1,1,1,1,2,1,1,1,1,1,1,1,1,3,1,1,1,2,1,07 to 10.5 mo,93,10,24,12,15,17,14,11,13
700276,Qual,7,Male,Some college or associate degree,White,midwest,1,1,1,1,1,2,1,1,1,1,3,4,1,4,4,1,3,1,4,1,1,1,2,1,1,1,1,3,4,1,1,1,1,1,4,2,4,1,1,1,1,1,1,1,1,1,1,1,1,1,1,4,3,2,1,1,1,1,1,1,1,1,1,1,1,2,2,1,2,1,1,1,1,2,2,1,1,2,1,1,07 to 10.5 mo,98,11,26,16,17,10,16,13,13
700277,Qual,8,Female,Some college or associate degree,Black,south,1,1,1,1,1,1,1,1,1,1,3,2,1,2,4,1,4,1,4,1,1,1,1,1,1,2,1,4,1,1,1,1,1,1,2,1,4,1,1,1,1,3,1,1,2,1,1,2,1,2,1,4,1,1,1,1,1,1,1,1,1,1,1,1,1,2,1,1,1,1,1,1,1,1,1,1,1,1,1,1,07 to 10.5 mo,90,10,23,14,14,15,13,11,10
700278,Qual,9,Male,High school graduate (including GED),White,south,1,1,1,1,1,2,1,1,2,2,2,4,1,3,4,2,4,1,4,1,2,1,2,3,2,3,1,2,1,1,3,1,1,2,3,2,3,2,2,1,1,1,1,1,2,2,1,2,1,1,3,4,2,4,1,1,2,2,2,1,2,3,1,2,3,3,2,2,2,2,1,1,2,4,3,2,4,2,1,2,07 to 10.5 mo,121,13,26,18,20,13,22,22,22
700279,Qual,9,Male,Some college or associate degree,MultiRacial,midwest,1,1,1,1,1,1,1,1,1,1,3,4,4,4,4,2,3,1,4,2,1,1,1,3,3,2,2,4,1,1,2,1,2,2,2,2,3,1,2,2,2,2,1,1,1,1,2,1,2,1,2,3,3,4,2,2,2,3,1,2,2,2,1,2,1,1,2,1,2,1,2,1,1,2,2,2,3,2,2,2,07 to 10.5 mo,122,10,31,19,19,14,24,15,19
700280,Qual,4,Male,Some college or associate degree,White,south,1,1,1,1,1,2,2,1,1,1,2,2,1,2,1,1,2,1,4,1,1,1,2,1,1,1,1,2,1,1,1,1,1,3,1,1,3,2,2,1,2,1,1,1,1,1,1,2,2,1,1,3,1,3,1,1,1,1,1,1,1,1,2,1,1,2,2,1,1,1,2,1,1,1,2,1,3,1,1,2,03.5 to 6 mo,85,12,17,12,16,13,14,13,15
700281,Qual,4,Female,High school graduate (including GED),Hispanic,west,1,1,1,1,1,1,2,1,1,3,2,2,1,2,2,1,3,1,3,1,2,1,2,3,1,1,2,2,1,1,1,1,1,2,1,1,3,1,3,1,1,1,1,1,1,1,1,1,1,1,1,3,3,3,1,1,1,1,1,1,1,3,1,1,1,3,3,1,1,1,1,1,1,1,1,1,1,1,1,1,03.5 to 6 mo,91,13,18,16,15,10,16,16,10
700282,Qual,4,Male,High school graduate (including GED),White,northeast,1,2,1,2,2,3,3,2,1,1,2,3,1,3,3,3,2,3,1,3,1,1,1,1,1,1,2,3,1,1,1,1,2,2,2,1,1,1,1,1,1,1,1,1,1,1,1,1,1,1,1,1,1,1,1,1,1,1,1,1,1,1,1,1,1,1,1,1,1,1,1,1,1,1,1,1,1,1,1,1,03.5 to 6 mo,80,18,24,13,13,10,10,10,10
700283,Qual,5,Male,Did not complete high school (no diploma),Hispanic,west,1,2,1,1,1,1,1,1,1,1,3,3,1,3,3,1,3,1,3,1,1,1,1,1,1,1,1,4,1,1,1,1,1,1,1,1,3,1,1,3,1,1,1,1,1,2,1,1,1,1,3,1,1,2,2,3,1,1,1,2,1,1,1,2,1,2,2,1,1,1,1,1,1,2,1,1,1,1,4,3,03.5 to 6 mo,90,11,22,13,14,11,17,13,16
700285,Qual,5,Female,Some college or associate degree,White,south,1,1,1,1,1,3,1,1,1,1,4,4,2,3,3,1,4,1,2,1,1,1,1,1,2,3,1,2,1,1,1,1,1,2,2,1,4,2,2,2,1,1,1,1,1,2,1,2,2,1,2,4,2,2,1,2,1,2,1,1,1,2,1,2,2,2,2,1,1,1,1,1,1,4,1,2,3,2,2,2,03.5 to 6 mo,103,12,25,14,18,13,18,15,19
700286,Qual,8,Male,High school graduate (including GED),White,west,1,2,2,2,1,2,2,1,2,2,2,3,2,2,2,1,2,3,3,2,2,3,3,3,2,3,3,2,2,3,2,3,2,3,2,1,3,2,2,3,3,2,2,3,2,2,3,2,3,1,3,3,3,2,2,2,2,2,2,3,3,3,2,3,3,2,2,2,3,3,3,2,2,3,2,3,2,3,2,3,07 to 10.5 mo,144,17,22,26,23,23,24,26,25
700287,Qual,6,Male,High school graduate (including GED),Hispanic,south,1,1,1,1,1,2,3,1,1,2,4,4,1,1,4,1,2,1,4,1,1,1,1,1,2,1,1,4,1,1,1,1,1,1,1,1,2,1,2,2,1,2,2,2,1,1,1,2,2,1,1,2,2,1,1,1,1,1,1,1,1,2,1,1,1,2,1,1,1,1,1,1,1,1,2,2,1,1,3,2,03.5 to 6 mo,89,14,23,14,13,15,12,12,15
700288,Qual,5,Male,Some college or associate degree,Black,south,1,1,1,1,1,4,1,1,1,1,1,4,1,1,4,1,3,1,4,1,2,1,1,1,1,2,1,2,2,1,1,1,1,1,2,2,3,1,2,1,1,1,1,1,1,1,1,1,1,1,2,4,2,3,1,1,1,1,1,1,1,1,1,2,2,2,2,1,2,1,1,1,2,4,1,1,4,4,1,1,03.5 to 6 mo,92,13,21,14,15,10,17,15,20
700289,Qual,9,Male,Some college or associate degree,White,midwest,1,1,1,1,1,2,1,2,1,1,1,2,1,2,3,1,1,1,2,1,1,1,1,1,1,1,1,2,1,1,1,1,1,1,2,2,3,1,1,1,1,1,1,1,1,2,1,1,1,1,2,3,1,2,1,1,1,1,1,2,1,1,1,1,1,1,1,1,2,1,2,1,1,1,1,1,1,1,1,1,07 to 10.5 mo,77,12,15,11,14,11,15,11,11
700290,Qual,6,Female,High school graduate (including GED),White,west,1,1,2,1,1,1,4,3,1,1,4,4,1,4,3,1,4,1,4,1,2,1,1,1,1,1,2,3,3,2,3,2,3,3,3,4,2,3,2,1,1,1,1,3,1,1,1,3,2,2,2,2,2,1,1,3,3,2,3,1,3,3,2,1,2,3,2,2,3,3,2,3,2,2,2,4,2,4,3,3,03.5 to 6 mo,130,16,27,17,26,16,20,24,27
700291,Qual,4,Female,Some college or associate degree,MultiRacial,south,1,1,1,1,1,1,1,1,1,1,1,4,1,4,3,1,1,1,3,1,1,1,1,1,1,1,1,4,1,1,1,1,1,1,1,1,2,1,1,1,1,1,1,1,1,1,1,1,1,1,1,3,1,1,1,1,1,1,1,1,1,1,1,1,1,1,1,1,1,1,1,1,1,1,1,1,1,1,1,1,03.5 to 6 mo,76,10,20,13,11,10,12,10,10
700292,Qual,4,Female,Some college or associate degree,Hispanic,south,1,1,2,1,1,2,2,2,2,2,2,1,1,2,1,1,2,1,2,1,2,1,1,1,1,1,1,2,1,1,1,1,1,1,2,1,2,1,1,1,1,1,1,1,1,2,3,3,1,4,1,1,2,2,1,1,1,1,1,1,1,2,1,1,2,2,1,1,1,1,1,1,1,1,1,1,1,1,1,1,03.5 to 6 mo,81,16,14,12,12,18,12,13,10
700293,Qual,9,Male,Some college or associate degree,MultiRacial,northeast,1,1,1,1,1,1,1,1,1,1,2,3,2,3,3,1,3,1,3,1,1,4,1,1,1,2,1,3,1,1,1,1,1,2,2,1,3,1,1,1,1,1,1,1,1,1,1,1,1,1,2,3,1,2,1,2,1,1,1,1,1,2,1,2,1,2,2,1,1,1,1,1,2,1,1,1,2,1,1,1,07 to 10.5 mo,91,10,22,16,14,10,15,14,12
700294,Qual,7,Male,High school graduate (including GED),Hispanic,northeast,1,1,1,1,1,2,1,2,1,1,2,3,1,4,4,1,1,1,2,1,2,1,1,2,3,1,1,2,1,1,1,1,2,3,3,2,2,1,2,1,1,2,2,1,1,2,1,1,1,3,1,1,3,4,1,2,4,1,2,1,2,2,1,3,2,3,3,4,2,1,1,1,1,3,1,1,2,2,2,1,07 to 10.5 mo,111,12,20,15,18,15,20,23,15
700295,Qual,7,Female,High school graduate (including GED),Black,northeast,1,1,1,1,1,1,1,1,1,1,4,4,3,4,4,1,4,1,1,1,2,1,2,2,2,2,1,3,1,1,1,1,1,1,4,2,2,1,1,1,1,1,1,1,1,2,2,1,1,1,2,3,1,1,1,1,1,1,1,1,1,1,1,2,1,2,2,1,2,1,1,1,1,4,2,1,1,1,2,1,07 to 10.5 mo,98,10,27,17,15,12,13,14,15
700296,Qual,6,Female,High school graduate (including GED),Black,south,1,1,1,1,1,1,2,1,1,1,2,3,2,2,3,1,2,2,3,1,1,1,1,1,2,2,1,4,1,1,1,1,1,1,2,1,3,2,1,1,1,1,1,1,1,2,1,3,1,2,2,3,1,1,1,1,1,1,1,1,1,2,3,1,1,2,1,2,1,1,1,1,1,1,1,2,1,1,1,1,03.5 to 6 mo,92,11,21,15,14,14,13,15,11
700297,Qual,4,Male,Some college or associate degree,MultiRacial,west,1,3,2,1,1,1,4,2,2,2,3,4,1,3,3,1,3,3,3,4,4,2,3,2,2,2,2,2,4,1,1,1,1,4,2,1,3,1,4,1,1,1,1,1,1,2,2,1,1,1,2,2,1,1,1,1,1,1,1,1,1,2,1,3,2,2,3,2,2,1,1,2,1,4,4,2,4,4,4,4,03.5 to 6 mo,114,19,28,24,19,12,12,19,30
700298,Qual,7,Male,Some college or associate degree,Asian,midwest,1,1,1,1,1,2,1,2,1,1,1,2,1,2,1,1,1,1,1,1,1,1,1,1,1,1,1,1,1,1,1,1,1,1,1,1,1,1,1,1,1,1,1,1,1,1,1,1,1,1,1,2,1,1,1,1,1,1,1,1,1,1,1,1,1,1,1,1,1,1,1,1,1,1,1,1,1,1,1,1,07 to 10.5 mo,63,12,12,10,10,10,11,10,10
701185,Qual,4,Male,Some college or associate degree,White,west,2,2,2,2,2,2,3,2,1,3,3,3,1,3,3,2,3,1,3,1,1,1,2,1,2,1,1,2,1,1,2,1,1,2,2,1,2,1,3,2,1,1,1,1,1,2,1,1,1,1,1,2,3,3,1,1,1,1,1,1,1,2,1,1,2,2,2,1,1,1,1,1,1,1,1,1,1,1,1,1,03.5 to 6 mo,93,21,23,13,17,11,15,14,10
131025,SM,4,Male,Bachelor's degree or higher,White,west,1,1,1,1,1,1,3,1,1,2,2,2,1,1,2,1,2,1,4,2,2,2,2,2,2,2,1,1,1,1,1,1,1,1,3,1,2,1,2,1,1,1,1,1,1,1,1,1,1,1,1,3,1,2,1,1,1,1,1,1,1,2,2,3,2,3,2,1,1,1,2,4,2,4,1,1,1,2,2,2,03.5 to 6 mo,89,13,18,16,14,10,13,18,21
105007,SM,5,Female,Bachelor's degree or higher,White,midwest,2,2,2,1,2,2,2,2,2,1,4,4,1,3,3,1,3,2,3,2,1,1,2,1,2,1,2,2,2,1,2,2,1,1,2,1,3,2,2,1,1,1,1,1,1,3,2,1,2,1,1,4,1,1,1,1,1,1,1,1,1,2,1,2,2,2,2,2,2,1,2,2,2,4,2,2,4,3,4,4,03.5 to 6 mo,102,18,26,15,17,14,13,17,29
105013,SM,4,Male,Bachelor's degree or higher,White,midwest,1,1,2,2,2,2,4,2,2,1,4,3,1,2,3,1,2,2,3,4,1,1,2,2,1,1,1,2,2,1,1,1,1,1,2,1,2,1,1,1,1,1,1,1,1,1,1,1,1,1,1,3,1,1,1,1,1,1,1,1,1,2,1,2,2,2,2,1,1,1,1,1,1,4,1,1,4,4,4,3,03.5 to 6 mo,88,19,25,14,12,10,12,15,24
105019,SM,5,Female,Some college or associate degree,Hispanic,northeast,2,1,2,2,1,3,3,1,1,1,3,3,1,2,3,1,2,1,3,1,1,1,2,1,2,2,1,2,2,1,1,1,1,1,2,2,4,1,3,1,1,1,1,1,3,1,2,1,1,1,1,4,2,3,1,1,1,1,1,1,1,3,1,1,2,2,2,1,1,1,2,1,1,1,1,1,2,3,3,3,03.5 to 6 mo,96,17,20,15,17,13,16,15,18
105029,SM,7,Male,Bachelor's degree or higher,White,midwest,1,1,1,1,1,1,1,1,1,1,1,1,1,1,1,1,1,1,1,1,1,1,1,1,1,1,1,1,1,1,1,1,1,1,1,1,1,1,1,1,1,1,1,1,1,1,1,1,1,1,1,2,1,1,1,1,1,1,1,1,1,1,1,1,1,1,1,1,1,1,1,1,1,1,1,1,1,1,1,1,07 to 10.5 mo,61,10,10,10,10,10,11,10,10
105036,SM,4,Male,Bachelor's degree or higher,White,midwest,2,1,1,2,1,2,2,2,2,2,3,3,1,2,3,1,2,2,3,2,1,1,1,1,2,1,2,2,1,1,1,1,1,1,2,2,1,1,2,2,1,1,1,1,1,1,1,1,1,1,1,3,2,1,1,1,1,1,1,1,1,2,2,2,2,2,2,2,2,2,1,1,1,1,1,1,1,1,3,1,03.5 to 6 mo,91,17,22,13,14,10,13,19,12
105062,SM,8,Male,Bachelor's degree or higher,White,south,1,1,1,1,1,2,2,2,1,1,2,3,1,3,3,1,2,1,3,2,1,1,1,1,2,2,1,3,1,1,2,1,1,2,2,1,3,2,2,2,1,1,1,1,1,2,1,2,2,1,1,4,1,2,1,2,1,1,1,1,1,1,1,2,1,2,2,1,1,1,1,2,1,4,2,2,3,3,2,2,07 to 10.5 mo,94,13,21,14,18,13,15,13,22
105077,SM,5,Male,Bachelor's degree or higher,White,midwest,2,2,2,2,1,3,2,3,1,1,2,2,1,2,3,2,2,1,3,1,1,1,2,1,2,1,1,3,1,2,1,1,1,1,1,2,2,1,1,1,1,1,1,1,1,1,1,1,1,1,1,3,1,2,1,1,1,1,1,1,1,2,1,1,1,1,2,1,1,1,1,2,1,4,1,2,3,2,2,1,03.5 to 6 mo,81,19,19,15,12,10,13,12,19
105078,SM,4,Female,High school graduate (including GED),Black,midwest,2,3,2,2,1,3,4,2,2,3,1,3,1,4,1,1,2,2,4,1,2,1,2,2,2,1,1,2,1,1,1,1,1,2,2,1,1,1,1,1,1,1,1,1,1,2,1,1,1,1,1,3,2,3,1,1,1,1,1,1,1,2,1,2,1,2,1,1,2,1,1,2,2,4,1,1,4,4,4,4,03.5 to 6 mo,87,24,20,15,12,11,15,14,27
105079,SM,5,Female,Bachelor's degree or higher,White,midwest,1,1,1,1,1,2,2,1,1,1,2,3,1,3,2,1,1,1,4,2,1,1,1,1,1,1,1,2,1,1,1,1,1,1,1,1,3,1,2,1,1,1,1,1,1,1,1,1,1,1,1,3,2,3,1,1,1,1,1,1,1,2,1,1,2,2,2,1,1,1,1,1,1,4,3,1,4,2,2,1,03.5 to 6 mo,83,12,20,11,13,10,15,14,20
105080,SM,5,Female,Bachelor's degree or higher,White,midwest,1,1,1,1,1,2,2,1,1,1,2,3,1,3,2,1,1,1,3,1,1,1,2,1,2,1,1,2,1,1,1,1,1,1,2,1,3,1,2,1,1,1,1,1,1,1,1,1,1,1,1,3,2,3,1,1,1,1,1,1,1,2,1,2,2,2,2,1,1,1,2,1,1,4,3,1,4,2,2,2,03.5 to 6 mo,85,12,18,13,14,10,15,15,22
105082,SM,9,Female,Some college or associate degree,White,south,1,1,1,1,1,2,1,1,1,1,2,2,1,2,3,1,2,1,2,2,2,1,1,1,1,1,1,2,1,1,1,1,1,1,2,1,2,1,2,1,1,1,1,1,1,1,2,1,1,1,1,2,1,1,1,1,1,1,1,1,1,1,1,1,1,1,1,1,1,1,1,1,2,1,1,1,2,2,1,1,07 to 10.5 mo,75,11,18,12,13,11,11,10,13
105086,SM,8,Female,Bachelor's degree or higher,White,midwest,1,1,1,1,1,2,1,1,1,2,3,3,2,3,3,1,2,1,3,1,1,1,2,1,2,1,1,2,1,1,1,1,1,1,2,1,1,1,2,1,1,1,1,1,1,1,1,2,2,1,1,2,1,1,1,1,1,1,1,1,1,2,1,1,1,2,2,2,1,1,1,1,1,2,1,1,1,4,1,1,07 to 10.5 mo,84,12,22,13,12,12,11,14,14
105103,SM,7,Male,Bachelor's degree or higher,White,midwest,1,1,1,1,1,1,1,1,1,1,4,4,2,4,4,1,4,1,4,2,2,1,2,1,2,1,1,2,1,1,1,1,1,2,1,1,4,2,2,4,1,1,1,1,1,1,1,1,2,1,2,4,1,2,1,1,1,1,1,1,1,1,1,1,2,1,1,1,1,1,1,1,1,2,1,1,2,1,1,1,07 to 10.5 mo,100,10,30,14,19,11,15,11,12
105104,SM,4,Female,Bachelor's degree or higher,White,midwest,2,3,3,2,1,2,3,2,2,2,4,3,1,2,3,2,3,2,3,1,1,2,2,1,2,1,2,2,1,2,1,1,2,1,2,2,4,1,1,2,1,1,1,1,1,1,2,1,1,1,2,3,1,2,1,2,1,1,2,1,1,3,2,2,2,2,2,2,2,2,2,3,3,4,2,1,3,4,3,3,03.5 to 6 mo,104,22,24,16,17,11,16,20,28
105108,SM,7,Female,Bachelor's degree or higher,White,midwest,1,1,1,1,1,3,2,1,1,1,3,1,1,1,1,1,1,2,3,1,1,1,1,1,2,1,1,1,1,1,1,1,1,1,1,1,1,1,2,1,1,1,1,1,1,1,1,1,1,1,1,4,1,2,1,1,1,1,1,1,1,1,1,2,1,1,1,1,1,1,3,1,1,4,1,1,2,2,2,4,07 to 10.5 mo,72,13,15,11,11,10,14,11,21
105113,SM,8,Female,Some college or associate degree,White,midwest,2,2,2,2,2,2,2,2,2,1,3,3,1,3,2,1,2,1,4,1,1,1,2,1,1,1,1,2,1,1,1,1,1,1,2,2,2,1,2,1,1,1,1,1,1,1,1,1,1,1,1,3,1,2,2,1,1,1,1,1,1,1,1,1,2,2,2,1,1,1,1,1,1,1,1,1,1,1,1,1,07 to 10.5 mo,84,19,21,12,14,10,14,13,10
105115,SM,6,Male,Bachelor's degree or higher,White,midwest,2,2,2,3,1,2,3,2,2,1,2,3,1,2,3,1,2,1,3,1,2,1,2,1,1,1,2,2,2,1,1,1,1,1,2,2,3,1,1,1,1,1,1,1,2,1,3,1,1,1,2,3,1,2,1,1,1,1,1,1,1,2,2,2,1,2,1,1,1,1,2,1,1,1,1,2,2,3,2,2,03.5 to 6 mo,89,20,19,15,14,13,14,14,17
106002,SM,6,Female,Bachelor's degree or higher,Hispanic,midwest,1,1,1,1,1,1,1,1,2,1,2,3,1,2,3,1,1,1,3,2,1,2,2,2,2,2,2,2,1,1,1,1,1,1,2,2,2,1,2,1,1,1,1,1,1,2,4,1,1,1,1,3,1,3,1,1,1,1,1,1,2,2,2,2,2,2,2,2,2,1,2,2,2,4,2,1,4,4,3,2,03.5 to 6 mo,97,11,19,17,14,14,14,19,26
106015,SM,8,Female,Bachelor's degree or higher,White,midwest,1,2,2,1,1,3,2,2,2,1,2,1,1,1,2,1,2,1,2,1,1,1,1,1,2,1,1,2,1,1,1,1,1,1,2,1,3,1,1,1,1,1,1,1,1,1,1,1,1,1,1,3,2,2,1,1,1,1,1,1,1,2,1,2,2,1,1,1,1,1,1,1,1,4,1,1,2,1,1,1,07 to 10.5 mo,76,17,14,12,13,10,14,13,14
118021,SM,6,Male,Some college or associate degree,Hispanic,south,1,1,1,1,1,2,2,1,1,1,1,1,1,1,1,1,1,1,1,1,1,1,1,1,1,1,1,1,1,1,1,1,1,1,1,1,1,1,1,1,1,1,1,1,1,1,1,1,2,1,1,2,1,1,1,1,1,1,1,1,1,1,1,1,1,1,1,1,1,1,1,1,1,4,2,1,4,1,1,1,03.5 to 6 mo,62,12,10,10,10,11,11,10,17
118024,SM,7,Female,Bachelor's degree or higher,MultiRacial,south,1,1,2,1,1,2,3,2,2,3,2,2,1,1,2,2,1,2,2,2,1,1,3,2,2,1,1,2,2,1,1,1,1,2,2,2,1,1,2,1,1,1,1,1,2,1,2,1,2,2,1,3,2,2,1,1,2,1,2,1,2,2,1,1,2,3,2,1,2,1,2,2,2,4,3,2,3,4,2,3,07 to 10.5 mo,94,18,17,16,14,14,16,17,27
118033,SM,5,Male,Bachelor's degree or higher,White,south,2,3,3,2,2,3,3,3,1,1,4,3,1,3,3,1,1,1,3,1,1,1,2,1,2,1,2,2,2,1,1,1,1,2,2,2,1,2,2,1,1,1,1,1,1,1,1,1,1,1,1,2,1,2,1,1,1,1,1,2,2,2,2,2,1,2,2,1,1,1,2,1,1,1,3,1,2,3,2,3,03.5 to 6 mo,90,23,21,15,15,10,13,16,19
118036,SM,5,Male,Bachelor's degree or higher,White,south,1,1,1,1,1,2,3,1,2,1,3,3,2,3,3,2,1,4,3,3,2,2,3,1,3,2,2,2,1,1,2,1,2,1,2,1,3,3,3,2,1,1,1,1,1,1,2,2,2,1,1,3,2,1,1,1,1,1,1,2,1,3,1,3,1,1,2,3,2,1,1,2,2,4,3,2,3,2,2,2,03.5 to 6 mo,111,14,27,19,20,13,14,18,23
118039,SM,8,Female,Bachelor's degree or higher,White,south,1,1,1,1,1,3,3,2,1,1,4,3,1,2,2,1,1,1,2,1,1,1,2,1,2,1,1,2,1,1,1,2,1,2,3,2,2,3,2,1,1,1,1,1,1,1,1,1,2,1,2,3,1,1,2,1,1,1,1,2,1,1,2,1,1,1,1,1,1,1,1,1,1,1,1,1,1,1,1,1,07 to 10.5 mo,87,15,18,13,19,11,15,11,10
118041,SM,7,Male,Bachelor's degree or higher,White,west,1,2,2,2,1,1,2,2,2,1,1,3,1,3,3,1,2,1,3,1,1,1,3,1,2,1,1,3,2,1,1,1,1,1,2,1,2,1,2,1,1,1,1,1,3,1,1,1,1,1,2,4,1,2,1,2,1,1,1,1,1,1,1,1,1,1,1,1,1,1,1,1,1,1,2,2,1,1,1,1,07 to 10.5 mo,86,16,19,16,13,12,16,10,12
118050,SM,5,Female,Bachelor's degree or higher,White,south,1,1,1,1,1,2,2,1,1,2,4,3,1,1,3,1,3,2,4,2,1,1,1,2,3,2,1,2,1,1,1,1,1,1,3,2,2,1,2,1,1,1,1,1,2,1,1,1,1,1,1,4,1,4,1,2,1,1,2,1,1,1,1,3,2,2,2,1,2,1,2,2,1,1,2,1,1,4,3,3,03.5 to 6 mo,99,13,24,15,15,11,18,16,20
118053,SM,7,Female,Some college or associate degree,White,south,1,1,1,1,1,1,1,1,1,1,3,3,1,3,3,1,1,1,2,1,1,1,1,1,1,2,1,2,1,1,1,1,1,1,2,1,1,1,1,1,1,1,1,1,1,1,1,1,1,1,1,4,2,3,1,1,1,2,1,1,2,2,1,2,2,2,1,1,1,1,1,1,1,4,1,1,2,1,1,1,07 to 10.5 mo,84,10,19,12,11,10,17,15,14
118068,SM,8,Male,Some college or associate degree,White,south,1,1,1,2,1,2,2,2,1,2,2,2,1,1,2,2,2,2,2,2,1,2,1,1,2,2,2,3,2,1,1,1,1,2,2,2,2,2,2,2,1,1,1,1,1,1,2,2,2,1,2,4,2,2,1,1,1,2,2,2,2,2,1,2,2,2,2,1,2,1,2,1,1,4,2,2,2,2,3,3,07 to 10.5 mo,101,15,18,17,17,13,19,17,22
118073,SM,8,Female,Some college or associate degree,White,south,1,2,2,1,1,1,1,1,2,2,2,3,1,1,3,1,2,1,3,2,1,1,2,2,2,1,1,4,1,1,1,1,1,1,3,1,3,1,2,2,1,1,1,1,1,1,1,1,2,1,2,4,1,3,1,2,1,1,1,1,1,1,1,1,1,2,2,1,2,1,2,1,1,4,2,1,3,1,3,2,07 to 10.5 mo,92,14,19,16,16,11,17,13,20
118080,SM,8,Male,Bachelor's degree or higher,Black,south,3,1,1,3,2,2,1,1,3,1,3,1,1,1,2,2,2,1,4,1,1,1,1,1,1,1,1,2,1,1,1,2,1,4,2,2,1,2,2,1,1,1,1,1,1,1,1,1,1,1,1,2,2,2,1,1,1,1,2,1,2,2,1,1,1,3,2,1,2,1,2,1,1,4,1,1,4,2,2,2,07 to 10.5 mo,87,18,18,11,18,10,14,16,20
119043,SM,9,Female,High school graduate (including GED),White,south,1,2,1,2,1,3,2,1,1,1,1,1,1,1,1,1,1,1,1,1,1,1,1,2,1,1,1,2,1,1,1,1,1,1,2,1,2,1,1,1,1,1,1,1,1,1,1,1,1,1,3,4,1,2,1,1,1,1,1,1,1,1,1,1,1,1,1,1,1,1,1,1,1,4,1,1,2,3,4,4,07 to 10.5 mo,70,15,10,12,12,10,16,10,22
119045,SM,8,Male,Bachelor's degree or higher,White,south,1,1,1,1,1,1,1,1,1,2,4,3,1,2,2,1,2,1,1,1,1,1,1,2,1,1,1,2,1,1,1,1,1,1,1,1,1,2,1,1,1,1,1,1,1,1,1,1,1,1,1,2,1,1,1,1,1,1,1,1,1,1,1,1,1,1,1,1,1,1,1,1,1,1,2,1,1,2,2,2,07 to 10.5 mo,72,11,18,12,11,10,11,10,14
119055,SM,4,Female,Bachelor's degree or higher,Black,south,1,2,1,2,2,2,4,1,1,2,2,3,1,3,4,1,3,1,3,1,2,2,2,1,1,1,2,2,1,1,2,1,1,2,1,2,1,1,2,1,1,1,1,1,1,1,1,1,1,1,1,1,1,1,1,1,1,1,1,1,1,2,1,1,2,2,2,1,1,1,1,1,1,1,1,1,1,1,1,1,03.5 to 6 mo,85,18,22,15,14,10,10,14,10
119056,SM,4,Female,Some college or associate degree,White,south,2,1,2,1,1,2,3,3,1,2,2,2,1,2,4,1,2,1,3,1,1,1,2,1,1,1,1,3,1,1,1,1,1,2,1,1,1,2,1,1,1,1,1,1,1,1,1,1,2,1,1,3,2,1,1,1,1,1,1,1,2,2,2,2,2,2,1,1,1,1,2,3,2,4,4,1,4,4,4,4,03.5 to 6 mo,84,18,19,13,12,11,13,16,32
119057,SM,9,Female,Some college or associate degree,White,south,1,1,1,1,1,2,1,1,1,1,3,3,3,3,3,1,2,1,2,1,1,1,1,2,1,1,1,2,1,1,2,1,2,2,2,2,2,2,2,1,1,1,2,1,1,2,2,2,2,2,2,3,2,4,1,1,2,2,1,2,2,2,2,2,2,2,2,1,2,1,1,1,2,4,2,1,2,2,2,1,07 to 10.5 mo,106,11,22,12,18,16,20,18,18
119058,SM,6,Female,Some college or associate degree,MultiRacial,south,1,1,2,1,1,2,2,1,1,1,2,3,2,2,4,2,2,1,4,2,1,1,2,1,2,1,1,3,1,1,1,1,1,4,2,2,4,2,2,3,2,1,2,1,2,2,1,2,2,1,3,4,3,4,1,2,1,2,2,1,2,2,2,2,3,4,3,1,2,1,2,1,1,4,2,1,3,2,2,1,03.5 to 6 mo,121,13,24,14,22,16,23,22,19
119064,SM,6,Female,Some college or associate degree,Black,south,1,3,1,1,1,3,3,1,1,3,1,2,1,4,2,1,2,1,4,1,2,2,1,1,2,2,2,3,1,1,1,1,1,1,2,2,2,1,2,1,1,1,1,1,1,1,1,1,2,1,1,1,1,1,1,1,1,1,1,1,1,2,1,2,1,2,1,1,1,1,1,1,2,1,1,1,1,1,1,1,03.5 to 6 mo,84,18,19,17,14,11,10,13,11
119080,SM,5,Female,Some college or associate degree,Black,south,1,1,2,1,1,2,2,2,1,3,2,2,1,2,2,2,1,1,3,1,1,1,1,1,1,2,1,2,1,1,1,1,1,2,2,2,2,1,2,1,1,1,1,1,1,1,3,4,1,1,1,1,1,2,1,1,1,1,1,1,1,2,2,1,1,2,2,2,2,2,1,1,1,4,1,1,4,4,4,4,03.5 to 6 mo,87,16,17,12,15,15,11,17,25
119086,SM,5,Female,Some college or associate degree,Other,south,1,1,1,1,1,1,1,1,1,1,4,3,1,3,2,1,2,1,2,1,1,1,1,1,1,1,1,1,1,1,1,1,1,2,1,1,3,1,1,1,1,1,1,1,1,1,1,1,1,1,1,3,1,4,1,1,1,1,1,1,1,2,1,1,1,1,1,1,1,1,1,1,1,1,1,1,1,1,1,1,03.5 to 6 mo,79,10,20,10,13,10,15,11,10
119088,SM,6,Male,Bachelor's degree or higher,White,south,1,1,1,1,1,2,2,1,1,1,3,3,1,3,3,1,1,1,3,1,1,1,2,1,1,1,1,2,1,1,1,1,1,1,2,2,2,1,1,1,1,1,1,1,1,1,1,1,1,1,2,3,1,2,1,1,1,1,1,1,1,2,1,1,1,1,1,1,1,1,1,1,1,4,1,1,1,4,1,1,03.5 to 6 mo,80,12,20,12,13,10,14,11,16
119089,SM,5,Female,Bachelor's degree or higher,Hispanic,south,1,1,1,1,1,4,4,1,1,3,2,2,1,1,1,1,1,1,1,1,1,1,1,1,1,1,1,1,1,1,1,1,1,1,1,1,1,1,1,1,1,1,1,1,1,1,1,1,1,1,1,1,1,1,1,1,1,1,1,1,1,1,1,1,1,1,1,1,1,1,1,1,1,1,1,1,1,1,1,1,03.5 to 6 mo,62,18,12,10,10,10,10,10,10
119090,SM,8,Male,Bachelor's degree or higher,White,south,1,1,1,1,1,2,2,1,1,2,1,2,1,2,2,1,1,1,1,1,1,1,1,1,1,1,1,1,1,1,1,1,1,2,2,1,1,1,2,1,1,1,1,1,1,2,2,2,3,1,2,2,2,2,1,1,1,2,1,1,1,1,1,1,1,1,1,2,1,1,1,1,1,4,2,2,2,1,2,1,07 to 10.5 mo,77,13,13,10,13,15,15,11,17
119091,SM,4,Male,Some college or associate degree,Black,south,1,1,2,1,1,3,2,1,1,1,1,2,1,3,3,1,1,1,2,1,2,1,1,1,1,1,1,2,1,1,1,1,1,1,1,1,1,1,1,1,1,1,1,1,1,1,1,1,2,1,1,2,1,2,1,1,1,1,1,1,1,1,1,1,1,3,1,1,1,1,1,1,1,1,1,1,1,1,1,1,03.5 to 6 mo,73,14,16,12,10,11,12,12,10
120013,SM,5,Male,Bachelor's degree or higher,Hispanic,west,2,1,1,2,1,2,2,2,1,1,2,3,1,3,3,1,3,1,3,1,2,2,2,1,2,2,1,1,1,1,1,1,1,2,2,2,1,1,2,1,1,1,1,1,1,1,1,1,1,1,1,3,2,2,1,1,1,1,1,1,1,3,1,1,1,1,1,1,2,1,2,1,1,4,1,2,4,1,1,1,03.5 to 6 mo,87,15,21,15,14,10,14,13,18
126012,SM,7,Female,Bachelor's degree or higher,White,west,2,2,1,2,1,3,2,1,2,3,2,4,1,4,3,1,3,1,3,1,1,1,2,2,1,1,2,3,1,1,1,1,2,3,2,2,3,2,2,1,1,1,1,1,1,1,2,1,2,1,2,3,1,3,1,2,1,1,1,1,1,2,1,1,1,2,1,1,2,1,1,1,1,4,2,1,3,3,3,3,07 to 10.5 mo,98,19,23,15,19,12,16,13,22
126015,SM,7,Female,Bachelor's degree or higher,White,west,1,1,1,1,1,1,1,1,1,1,4,4,1,3,3,1,2,1,3,1,1,1,1,2,2,2,1,2,1,1,1,1,1,1,2,1,2,1,1,1,1,1,1,1,1,1,1,1,1,1,1,3,1,1,1,1,1,1,1,1,1,1,1,1,1,2,1,1,1,1,1,1,1,4,2,2,4,2,2,2,07 to 10.5 mo,82,10,23,14,12,10,12,11,21
126016,SM,8,Female,Bachelor's degree or higher,White,west,2,1,2,2,2,2,2,2,1,2,3,3,2,2,3,1,2,1,3,2,2,1,2,1,1,1,1,2,1,1,1,1,1,1,2,1,2,2,1,2,1,1,1,1,1,1,1,1,1,1,3,4,2,2,1,1,1,1,1,1,1,2,1,1,1,1,1,1,1,1,1,1,1,1,1,1,1,1,1,1,07 to 10.5 mo,87,18,22,13,14,10,17,11,10
126028,SM,9,Female,Bachelor's degree or higher,White,south,1,2,1,1,1,3,2,1,2,2,2,2,1,1,2,1,2,1,2,1,1,1,1,1,1,2,1,2,1,1,1,1,1,1,2,2,1,1,1,2,1,1,1,1,1,1,1,2,1,1,2,3,2,1,1,1,1,1,1,1,1,1,1,1,1,1,1,1,1,1,1,1,1,1,2,1,2,3,1,4,07 to 10.5 mo,75,16,15,12,13,11,14,10,17
126034,SM,8,Female,Bachelor's degree or higher,White,south,1,2,2,2,1,3,2,1,2,3,3,2,1,3,3,1,2,1,3,1,2,1,1,1,1,1,1,2,1,1,1,1,1,1,2,2,2,1,3,1,1,1,1,1,1,1,2,1,2,1,2,4,1,3,1,2,1,1,1,2,1,2,1,1,1,1,1,1,1,1,1,1,1,4,2,2,1,2,2,2,07 to 10.5 mo,88,19,20,12,15,12,18,11,18
126043,SM,9,Female,Bachelor's degree or higher,White,south,2,2,2,2,2,2,2,2,2,2,1,2,1,2,2,1,3,1,3,2,1,1,2,2,1,1,1,2,1,1,1,1,1,1,3,1,2,1,1,2,1,1,1,1,1,1,2,2,1,1,2,2,2,1,1,1,1,1,1,1,2,2,1,2,1,2,1,1,2,1,1,1,1,3,1,1,1,1,1,1,07 to 10.5 mo,85,20,18,13,14,12,13,15,12
126066,SM,5,Male,Bachelor's degree or higher,White,west,1,2,2,2,1,2,1,2,1,3,1,1,1,1,1,1,2,1,1,1,1,1,1,1,1,1,1,1,1,1,1,1,1,1,1,1,1,1,1,1,1,1,1,1,1,1,1,1,1,1,1,4,1,1,1,1,1,1,1,1,1,2,1,1,1,1,1,1,1,1,1,1,1,4,2,1,3,1,4,4,03.5 to 6 mo,65,17,11,10,10,10,13,11,22
126079,SM,7,Female,Bachelor's degree or higher,White,south,1,1,1,1,1,1,1,1,1,1,2,2,1,2,2,1,1,3,3,3,1,2,2,3,2,1,3,4,1,1,3,1,1,3,2,1,1,1,2,1,1,1,1,1,1,2,1,2,1,1,2,4,3,3,1,3,1,1,1,1,1,3,1,2,1,1,1,1,1,1,1,1,1,4,2,2,4,4,4,4,07 to 10.5 mo,101,10,20,20,16,12,20,13,27
126082,SM,7,Male,Bachelor's degree or higher,White,west,1,2,2,1,1,2,4,1,1,3,4,3,1,2,3,1,2,1,3,1,1,1,2,1,1,1,1,3,1,1,1,1,1,1,2,1,2,1,1,1,1,1,1,1,1,1,1,1,1,1,1,4,1,2,1,1,1,1,1,1,1,1,1,2,2,2,2,2,1,1,1,1,1,4,3,1,2,3,4,3,07 to 10.5 mo,85,18,21,13,12,10,14,15,23
126130,SM,7,Female,Bachelor's degree or higher,White,south,1,2,2,2,2,2,2,2,1,1,2,2,1,1,2,1,1,1,2,1,2,2,2,1,2,1,2,2,2,1,1,1,1,1,2,2,2,1,2,1,1,1,1,1,1,1,1,1,2,1,1,3,1,2,1,2,1,1,1,1,2,2,2,2,2,2,2,2,2,2,2,1,2,4,2,2,3,2,3,3,07 to 10.5 mo,90,17,14,17,14,11,14,20,24
126139,SM,5,Female,Bachelor's degree or higher,White,south,1,2,2,2,1,2,3,2,1,1,1,4,1,4,4,1,2,1,3,1,1,1,2,1,2,1,2,2,1,1,1,1,1,2,2,1,3,2,1,1,1,1,1,1,1,1,1,1,2,1,1,2,2,2,1,1,1,1,1,1,1,2,1,2,1,1,2,1,2,1,1,1,1,4,2,1,4,4,4,3,03.5 to 6 mo,89,17,22,14,15,11,13,14,25
126144,SM,4,Female,Bachelor's degree or higher,White,west,1,2,1,1,1,2,2,2,1,1,2,2,1,1,2,1,1,1,2,2,1,1,1,1,1,2,1,1,1,1,1,1,1,1,2,2,2,1,1,1,1,1,1,1,1,1,1,1,1,1,1,3,2,2,1,1,1,1,1,1,1,2,1,1,1,2,2,1,2,1,2,2,1,4,1,1,4,2,2,2,03.5 to 6 mo,77,14,15,11,13,10,14,14,21
126178,SM,6,Female,Bachelor's degree or higher,Hispanic,midwest,1,1,1,1,1,2,1,1,1,1,4,4,1,4,4,1,2,1,4,1,1,1,1,1,1,1,1,2,1,1,1,1,1,1,2,1,3,1,1,2,1,1,2,1,1,1,1,2,1,1,2,2,1,1,1,1,1,1,1,1,1,1,1,1,1,2,1,1,1,1,1,1,1,3,1,1,2,1,2,1,03.5 to 6 mo,86,11,26,11,14,12,12,11,14
126230,SM,5,Male,Bachelor's degree or higher,White,west,1,1,2,1,2,3,2,2,1,1,2,2,1,2,3,1,1,2,4,2,1,2,2,2,2,2,2,2,3,1,1,1,1,1,2,2,2,2,2,2,1,1,1,1,1,1,4,1,3,1,2,4,1,3,1,1,1,1,1,1,1,2,1,2,2,2,2,1,1,1,2,1,1,4,4,1,4,3,3,4,03.5 to 6 mo,101,16,20,19,16,15,16,15,27
126303,SM,5,Female,Bachelor's degree or higher,White,midwest,2,2,2,2,2,2,3,1,2,2,2,2,1,2,3,1,2,2,3,2,2,1,2,2,2,2,1,2,1,1,1,1,2,2,2,2,3,1,1,2,1,1,1,1,1,1,1,2,1,1,1,3,2,1,1,1,1,1,1,1,1,2,1,2,2,2,2,1,2,2,1,1,1,4,2,2,4,2,2,2,03.5 to 6 mo,94,20,20,16,17,11,13,17,21
126308,SM,9,Female,Bachelor's degree or higher,White,midwest,1,1,1,1,1,2,2,1,1,2,1,2,1,2,2,1,2,1,3,1,1,1,1,1,2,2,1,2,1,1,1,1,1,1,2,1,2,1,2,1,1,1,1,1,1,1,1,1,1,1,2,3,1,2,1,1,1,1,1,1,1,1,1,2,1,2,1,1,1,1,1,1,1,4,2,1,2,2,1,1,07 to 10.5 mo,78,13,16,13,13,10,14,12,16
126318,SM,6,Male,Bachelor's degree or higher,White,midwest,1,1,1,1,1,2,1,1,1,2,4,3,2,2,2,1,1,2,3,2,2,1,1,1,2,2,2,1,2,1,2,1,1,2,2,1,2,2,2,1,1,1,1,1,1,2,2,2,2,1,1,4,2,2,1,1,2,1,1,1,2,2,1,2,2,2,3,2,1,1,3,1,1,4,3,2,4,4,2,4,03.5 to 6 mo,101,12,22,15,16,14,16,18,28
126334,SM,7,Female,Bachelor's degree or higher,White,midwest,1,1,1,1,1,1,3,2,1,1,2,2,1,2,2,1,2,2,4,2,2,2,1,1,1,1,1,2,1,1,1,1,1,1,1,1,1,1,1,1,1,1,1,1,1,1,1,1,1,1,2,2,1,1,1,1,1,2,1,1,1,2,1,2,1,2,2,1,2,1,2,2,2,4,1,1,4,3,3,3,07 to 10.5 mo,81,13,20,13,10,10,13,15,25
126336,SM,8,Male,Bachelor's degree or higher,White,midwest,1,1,1,1,1,2,3,1,1,2,2,2,1,1,2,1,1,2,3,1,1,1,2,1,1,2,2,3,1,1,1,1,1,1,2,1,1,2,1,2,1,1,1,1,1,1,1,1,1,1,3,3,1,3,1,2,1,1,1,1,2,1,1,1,1,1,2,1,1,1,2,2,1,4,2,2,3,4,2,3,07 to 10.5 mo,83,14,16,15,13,10,17,12,25
126360,SM,7,Female,Bachelor's degree or higher,White,west,2,2,2,2,1,3,2,2,2,2,2,2,1,2,3,1,1,1,3,1,2,1,2,1,2,2,1,2,1,1,1,1,1,1,1,2,2,1,1,1,1,1,1,1,1,2,1,2,1,1,1,1,1,2,1,1,1,1,1,1,2,3,1,1,1,2,2,1,2,2,1,1,2,4,2,2,3,3,2,2,07 to 10.5 mo,84,20,17,15,12,12,11,17,22
126384,SM,5,Male,Bachelor's degree or higher,White,west,1,1,1,1,1,1,1,2,1,1,4,3,1,3,3,1,2,1,2,1,1,1,2,2,2,1,1,2,1,1,1,1,1,2,2,1,2,2,2,1,1,1,1,1,1,1,1,1,1,1,2,4,1,1,1,1,1,1,1,1,1,2,2,2,1,3,2,1,1,1,1,1,1,4,2,2,4,3,2,2,03.5 to 6 mo,90,11,21,14,15,10,14,16,22
126394,SM,8,Male,Bachelor's degree or higher,Asian,west,1,1,1,1,1,2,1,1,3,1,4,3,1,4,4,1,2,1,2,1,1,1,1,2,2,1,1,4,1,1,1,1,1,1,2,1,1,1,1,1,1,1,1,1,1,2,2,2,2,2,1,4,1,1,1,1,1,1,1,1,1,1,2,1,1,1,2,2,1,1,1,1,1,4,2,2,1,3,4,4,07 to 10.5 mo,90,13,23,15,11,15,13,13,23
126399,SM,8,Male,Bachelor's degree or higher,White,west,1,1,1,3,1,3,2,2,2,2,2,1,1,1,2,1,2,1,2,1,1,1,1,1,2,1,1,2,2,1,1,1,1,1,2,1,2,2,2,1,1,1,1,1,1,2,2,2,2,1,1,3,1,1,1,2,1,1,1,1,1,2,1,2,1,1,1,1,1,2,1,1,1,1,2,2,2,2,1,1,07 to 10.5 mo,81,18,14,13,14,14,13,13,14
131004,SM,6,Female,Bachelor's degree or higher,Hispanic,west,1,3,1,1,1,2,2,1,2,1,2,3,1,3,3,1,2,2,3,2,1,1,1,2,2,1,2,2,1,1,1,1,1,2,1,1,3,1,2,1,1,1,1,1,1,1,1,1,1,1,1,4,1,2,1,1,1,1,1,1,1,2,1,1,1,2,1,1,1,1,1,1,1,4,3,1,4,1,4,3,03.5 to 6 mo,86,15,22,14,14,10,14,12,23
131007,SM,8,Female,Bachelor's degree or higher,White,west,2,1,1,2,1,3,2,2,2,2,3,4,1,3,2,2,2,2,3,2,1,2,2,2,2,1,2,2,1,1,1,1,1,1,3,2,4,1,2,1,1,1,1,1,1,1,1,2,1,1,1,4,1,2,1,1,1,2,2,1,1,1,2,1,2,3,2,1,2,1,2,2,1,4,2,2,2,3,2,2,07 to 10.5 mo,100,18,24,16,17,11,16,16,22
131010,SM,4,Female,Bachelor's degree or higher,White,midwest,1,1,1,1,1,1,1,1,1,1,4,4,1,4,4,1,3,1,4,1,2,1,1,1,2,2,1,2,3,1,1,1,1,1,2,2,3,1,2,1,1,1,1,1,1,1,1,1,1,1,1,3,2,3,1,1,2,2,2,1,1,3,1,2,2,2,2,2,2,1,2,2,2,4,4,2,4,4,4,2,03.5 to 6 mo,104,10,27,16,15,10,18,18,30
131014,SM,5,Male,Bachelor's degree or higher,White,west,1,1,1,2,1,2,1,2,2,1,4,3,1,3,3,1,2,1,4,2,1,2,1,1,1,1,2,2,2,1,1,1,1,2,2,1,3,2,2,1,1,1,1,1,1,1,2,1,2,1,2,4,2,3,1,1,2,1,1,1,1,1,1,1,1,1,1,1,1,1,3,1,1,4,2,2,3,4,4,4,03.5 to 6 mo,94,14,24,14,16,12,18,10,28
131016,SM,5,Female,Some college or associate degree,White,west,1,1,1,1,1,2,1,1,1,1,4,4,1,3,3,1,3,1,4,1,1,1,2,1,2,1,1,4,1,1,1,1,1,1,1,1,2,1,1,1,1,1,1,1,1,1,1,1,2,1,1,4,1,2,1,1,1,1,1,1,1,2,2,1,1,2,2,1,1,1,1,1,1,1,1,1,3,2,1,2,03.5 to 6 mo,90,11,25,15,11,11,14,14,14
131018,SM,6,Female,Some college or associate degree,Hispanic,west,1,1,1,1,1,1,1,1,1,1,2,4,1,4,4,1,3,1,4,1,1,1,1,1,1,1,1,4,1,1,2,1,1,2,2,1,2,2,1,1,1,1,1,1,1,1,1,1,1,1,1,4,1,1,1,1,1,1,1,1,1,2,1,1,1,2,1,1,1,1,1,1,1,4,1,1,2,3,1,1,03.5 to 6 mo,88,10,25,13,15,10,13,12,16
131020,SM,5,Female,Bachelor's degree or higher,Hispanic,west,2,2,1,1,1,3,2,1,1,3,3,2,1,2,3,1,1,1,3,1,1,1,2,2,2,1,1,2,2,1,1,1,2,2,2,2,3,1,2,1,1,1,1,1,1,1,1,1,1,1,1,4,1,2,1,1,2,1,1,1,2,2,1,2,2,2,2,1,2,1,2,1,1,4,4,2,4,4,3,3,03.5 to 6 mo,92,17,18,15,17,10,15,17,28
131022,SM,6,Female,Some college or associate degree,White,west,1,1,1,1,1,2,1,1,1,1,3,4,1,2,3,1,3,1,3,1,1,2,2,1,2,3,1,2,1,1,2,2,2,2,2,1,3,3,1,1,1,1,2,1,2,2,1,1,2,1,1,4,2,2,1,1,1,1,1,1,1,2,2,2,2,2,2,2,1,1,1,1,1,1,1,1,1,1,1,1,03.5 to 6 mo,103,11,22,16,19,14,15,17,10
131023,SM,7,Male,Some college or associate degree,White,west,1,1,1,2,1,2,2,2,2,3,3,3,1,3,4,1,2,2,3,2,1,1,1,1,2,2,2,2,1,1,3,2,1,2,2,2,3,2,1,1,1,1,2,1,1,1,1,1,2,1,1,2,1,1,1,1,1,1,1,1,1,2,2,1,2,2,2,1,1,1,2,1,2,1,1,2,4,3,3,2,07 to 10.5 mo,95,17,24,14,19,12,11,15,21
131024,SM,4,Male,Some college or associate degree,White,west,2,2,1,2,1,2,2,1,2,1,2,4,1,4,3,1,2,2,3,2,2,1,2,2,2,2,1,2,2,2,1,1,1,3,2,1,3,1,2,3,1,1,1,1,1,2,1,2,1,1,2,4,1,3,1,2,1,1,1,1,2,2,2,2,1,2,2,2,2,1,1,1,1,4,2,2,4,4,2,2,03.5 to 6 mo,107,16,24,18,18,12,17,18,23
133003,SM,9,Male,Bachelor's degree or higher,White,west,1,1,1,1,1,1,1,1,1,1,4,4,1,3,3,1,4,1,4,2,1,1,1,1,1,1,1,3,1,1,1,1,1,1,2,1,2,1,1,2,1,2,1,1,1,1,1,1,1,1,2,3,1,1,1,2,1,1,1,1,1,1,1,1,1,1,1,1,1,1,1,1,1,1,1,1,1,1,1,1,07 to 10.5 mo,87,10,27,12,13,11,14,10,10
133009,SM,7,Male,Bachelor's degree or higher,White,west,1,1,1,1,1,2,1,1,2,1,4,3,1,1,3,1,1,1,3,1,1,1,2,1,1,1,1,2,1,1,1,1,1,1,2,2,2,2,1,1,1,1,1,1,1,2,2,1,2,1,2,4,1,1,1,1,1,1,1,1,1,3,1,1,1,1,1,1,1,1,1,1,1,4,2,1,4,1,2,2,07 to 10.5 mo,84,12,19,12,14,13,14,12,19
133010,SM,9,Male,Bachelor's degree or higher,MultiRacial,west,1,2,1,1,2,2,2,1,1,2,2,2,1,1,1,1,2,1,2,1,1,1,2,1,1,1,1,2,1,1,1,1,1,1,2,2,1,1,1,1,1,1,1,1,1,1,1,1,2,1,1,2,1,2,1,2,1,1,1,1,1,1,1,1,1,1,1,1,1,1,1,1,1,3,1,1,1,2,2,2,07 to 10.5 mo,72,15,14,12,12,11,13,10,15
134005,SM,7,Female,Bachelor's degree or higher,White,west,1,1,1,1,1,2,1,1,1,1,3,4,1,4,4,1,1,1,2,1,1,1,1,1,2,1,2,3,3,1,3,1,1,2,2,2,3,1,1,1,1,1,1,1,1,1,2,1,1,1,1,4,3,2,1,1,1,1,1,1,1,1,1,1,2,2,2,1,2,1,1,1,1,4,2,1,1,1,4,2,07 to 10.5 mo,96,11,22,16,17,11,16,14,18
134007,SM,6,Female,Some college or associate degree,Other,west,1,2,2,2,1,3,2,1,1,1,3,4,3,3,4,1,3,2,3,2,2,1,1,2,1,2,1,2,1,1,2,1,1,2,1,1,3,1,1,1,1,1,1,1,1,1,1,1,1,1,1,4,2,3,1,1,1,1,1,2,1,2,1,2,2,2,2,2,2,1,1,1,1,4,3,1,3,3,4,3,03.5 to 6 mo,100,16,28,14,14,10,17,17,24
134020,SM,6,Female,Bachelor's degree or higher,White,west,2,2,2,2,2,3,3,3,1,1,3,3,1,2,3,1,2,1,2,1,2,1,3,2,1,1,1,2,1,1,1,1,1,1,2,2,2,1,2,1,1,1,1,1,1,1,1,1,1,1,2,2,2,2,1,1,1,3,1,1,1,2,1,1,1,2,2,1,1,1,1,1,1,1,1,1,1,2,2,2,03.5 to 6 mo,87,21,19,15,14,10,16,13,13
136003,SM,9,Female,Bachelor's degree or higher,White,west,1,2,1,2,1,1,1,1,1,1,3,3,1,3,3,1,2,1,2,1,2,1,1,1,2,2,1,1,1,1,3,1,1,1,1,1,2,1,2,1,1,1,1,1,1,1,1,1,1,1,2,3,1,1,1,1,1,1,1,1,1,1,1,1,1,2,2,1,1,1,1,1,1,4,1,1,1,1,1,1,07 to 10.5 mo,82,12,20,13,14,10,13,12,13
136004,SM,9,Female,Some college or associate degree,MultiRacial,west,1,2,1,1,1,1,2,2,2,2,3,2,1,2,2,1,1,1,3,1,1,1,1,1,2,1,1,3,2,1,1,1,1,1,2,1,2,1,2,1,1,1,1,1,1,1,2,1,1,1,1,1,1,1,1,1,1,1,1,1,1,1,2,1,1,2,2,1,1,1,1,1,1,2,2,1,2,2,1,1,07 to 10.5 mo,78,15,17,14,13,11,10,13,14
136008,SM,5,Female,Bachelor's degree or higher,Asian,south,1,1,1,1,1,3,2,1,1,1,3,3,1,2,3,1,2,1,3,1,1,1,2,1,1,1,1,3,1,1,1,1,1,1,2,1,3,1,2,2,1,1,1,1,1,1,2,1,1,1,1,4,1,2,1,1,1,1,1,2,1,1,1,1,2,2,2,1,1,1,1,1,1,2,2,2,1,3,3,2,03.5 to 6 mo,87,13,20,13,15,11,15,13,18
136009,SM,4,Female,Some college or associate degree,White,west,1,2,1,1,1,2,2,1,1,1,3,3,2,2,3,2,2,1,3,1,1,2,2,2,2,2,2,2,2,2,1,1,1,1,1,1,3,1,1,1,1,1,1,1,1,1,2,1,1,1,1,3,1,3,1,1,1,1,1,1,1,1,1,1,1,2,2,1,1,1,1,1,1,1,1,1,1,1,1,1,03.5 to 6 mo,90,13,22,19,12,11,14,12,10
137001,SM,9,Male,Bachelor's degree or higher,Hispanic,midwest,2,1,1,2,1,2,1,2,2,2,1,2,1,1,2,1,1,1,1,1,1,1,1,1,1,1,1,1,1,1,1,1,1,1,1,1,2,1,1,1,1,1,1,1,1,1,1,1,1,1,1,2,1,1,1,1,1,1,1,1,1,1,1,2,1,2,1,1,1,1,1,1,1,3,1,1,2,1,2,2,07 to 10.5 mo,66,16,12,10,11,10,11,12,15
138004,SM,4,Female,Some college or associate degree,White,west,1,2,1,1,1,1,2,1,1,1,1,2,1,1,2,1,1,1,3,2,1,1,2,2,2,1,1,3,2,1,1,1,1,1,2,2,2,2,2,2,1,1,2,1,1,1,1,2,2,1,1,3,1,2,1,1,1,1,1,1,1,2,2,2,2,2,2,1,1,1,2,1,2,1,2,2,1,2,1,1,03.5 to 6 mo,89,12,15,16,16,13,13,16,15
138007,SM,8,Female,Bachelor's degree or higher,Hispanic,west,1,1,1,1,1,2,2,1,1,1,1,3,1,3,3,1,3,1,3,1,2,1,2,1,2,2,1,2,1,1,1,1,1,2,2,2,3,1,2,1,1,1,1,1,1,2,2,2,1,1,1,3,1,2,1,1,1,1,1,1,1,1,1,2,1,1,1,2,2,1,1,1,1,4,2,1,2,2,2,2,07 to 10.5 mo,90,12,20,15,16,13,13,13,18
141016,SM,9,Male,Bachelor's degree or higher,White,south,2,1,1,2,1,2,1,2,1,1,4,3,1,3,3,1,2,1,3,2,1,2,2,1,1,1,2,2,1,1,1,1,1,1,2,2,4,2,3,1,1,1,2,1,3,1,4,2,1,1,2,4,2,4,1,2,1,1,1,1,2,2,2,1,1,1,1,1,1,2,1,1,1,4,2,1,3,3,4,4,07 to 10.5 mo,105,14,23,14,18,17,19,14,24
141087,SM,7,Female,Bachelor's degree or higher,White,south,2,2,1,2,1,3,2,1,2,1,2,4,1,3,3,1,2,1,2,1,1,1,2,1,2,3,1,1,1,1,1,1,2,2,2,2,4,2,2,1,1,1,1,1,1,1,1,1,2,1,1,3,1,1,1,1,1,1,1,1,2,2,2,1,1,1,1,1,1,1,1,1,1,1,1,1,1,1,1,1,07 to 10.5 mo,89,17,20,14,19,11,12,13,10
141090,SM,6,Male,Bachelor's degree or higher,Hispanic,south,1,1,1,1,1,3,2,1,1,1,4,3,1,2,2,1,3,1,4,1,1,1,2,1,1,1,1,4,2,1,1,2,1,2,2,1,4,1,2,1,1,1,1,1,2,1,1,1,2,1,3,4,2,2,1,2,1,1,1,2,1,2,1,1,1,2,3,2,2,1,1,1,1,4,1,1,2,2,2,1,03.5 to 6 mo,101,13,22,15,17,12,19,16,16
141100,SM,7,Male,Bachelor's degree or higher,White,south,2,2,2,2,2,3,2,1,1,4,2,3,1,2,2,1,2,1,2,1,1,1,2,2,2,1,1,2,1,1,1,1,2,1,3,2,2,1,2,2,1,1,1,1,1,2,3,1,3,1,2,4,2,2,1,1,1,1,1,1,1,2,2,2,2,2,3,2,2,1,2,1,1,1,2,2,2,2,2,2,07 to 10.5 mo,98,21,17,14,17,15,16,19,17
141101,SM,7,Male,Bachelor's degree or higher,White,south,1,2,1,1,1,3,3,2,1,2,1,3,1,2,3,1,1,1,3,2,2,1,2,1,2,1,2,3,1,1,1,1,2,1,2,2,3,2,4,1,1,1,1,1,1,3,1,1,2,1,1,3,1,1,1,1,1,1,1,1,2,1,2,3,2,2,3,2,1,1,2,2,2,4,2,3,4,3,3,3,07 to 10.5 mo,97,17,18,16,19,13,12,19,28
141217,SM,9,Male,Bachelor's degree or higher,White,south,1,1,1,1,1,2,1,1,1,1,2,2,1,1,2,1,1,1,2,1,1,1,2,1,1,1,1,3,2,1,2,2,1,2,2,2,1,1,1,1,1,1,1,1,1,1,1,1,1,1,2,4,1,2,1,2,1,1,1,1,2,1,1,1,2,2,2,1,1,1,2,1,1,4,1,1,2,2,1,1,07 to 10.5 mo,83,11,14,14,15,10,16,14,16
141218,SM,5,Female,Some college or associate degree,White,south,1,2,2,1,1,2,3,1,1,2,4,3,2,3,3,1,2,1,3,2,1,1,2,2,2,2,1,2,1,1,1,1,1,1,2,2,3,1,2,1,1,1,1,1,1,1,1,1,1,1,2,3,2,2,1,1,1,1,1,2,1,1,1,2,2,2,2,2,2,1,2,1,1,1,1,1,4,2,2,2,03.5 to 6 mo,96,16,24,15,15,10,16,16,17
141219,SM,9,Male,Bachelor's degree or higher,White,south,1,1,1,1,1,2,1,1,1,1,4,2,1,1,1,1,1,1,1,1,1,1,2,1,2,1,2,2,2,2,1,1,1,1,2,1,2,1,1,1,1,1,1,1,1,1,2,1,2,1,2,4,2,3,1,2,1,2,1,1,1,1,1,1,1,1,1,1,1,1,2,1,1,4,2,1,2,4,3,2,07 to 10.5 mo,83,11,14,16,12,12,19,10,22
141220,SM,9,Female,Bachelor's degree or higher,Hispanic,south,1,1,1,1,1,2,2,2,2,1,3,3,1,3,3,1,2,2,2,2,1,1,1,1,2,1,1,2,1,1,1,1,1,1,2,1,1,1,1,1,1,1,1,1,1,1,2,1,2,1,1,3,1,2,1,1,1,1,1,1,1,2,1,2,1,1,2,1,2,1,2,1,1,4,2,1,4,3,2,2,07 to 10.5 mo,84,14,22,12,11,12,13,14,22
141221,SM,5,Male,Bachelor's degree or higher,White,south,1,1,1,2,1,2,4,1,1,1,3,2,1,1,2,1,2,1,3,1,1,2,2,1,1,1,1,1,2,1,1,1,1,2,1,1,1,1,2,1,1,1,1,1,1,1,1,1,1,1,1,4,1,4,1,1,2,2,1,1,1,1,1,3,2,1,1,1,1,1,2,2,2,4,1,1,3,3,3,2,03.5 to 6 mo,83,15,17,13,12,10,18,13,23
141223,SM,4,Male,Bachelor's degree or higher,White,south,1,2,2,1,1,3,4,1,1,1,3,3,1,4,4,2,2,2,4,3,1,1,2,2,1,1,2,3,1,1,1,1,1,1,1,1,3,1,1,1,1,1,1,1,1,1,3,1,1,1,1,4,1,2,1,1,2,1,1,1,1,2,1,1,2,3,2,1,1,1,3,3,2,4,2,1,4,4,2,1,03.5 to 6 mo,97,17,28,15,12,12,15,15,26
141225,SM,9,Male,Bachelor's degree or higher,White,south,1,2,1,1,1,2,2,2,1,1,3,1,1,2,2,1,1,1,2,1,2,1,1,1,1,1,1,1,1,1,1,1,1,1,3,2,3,1,2,1,1,1,1,1,1,1,1,1,1,1,1,3,1,2,1,2,1,1,1,1,1,1,1,1,1,1,1,1,1,1,1,1,1,2,2,2,2,1,1,1,07 to 10.5 mo,76,14,15,11,16,10,14,10,14
141226,SM,5,Male,Bachelor's degree or higher,White,south,1,1,1,1,1,1,1,1,1,1,4,4,4,4,4,2,4,2,4,1,1,1,1,1,1,1,1,3,1,1,1,1,1,1,1,1,4,1,1,1,1,1,1,1,1,1,1,1,2,1,1,4,2,1,1,1,1,1,1,1,1,2,2,1,1,2,1,1,1,1,2,2,2,4,4,4,4,4,4,4,03.5 to 6 mo,96,10,33,12,13,11,14,13,34
141227,SM,9,Male,Bachelor's degree or higher,Hispanic,south,2,2,1,2,1,2,2,1,3,1,3,2,1,2,3,1,2,1,2,2,1,1,2,1,2,1,2,3,1,1,1,1,1,1,2,2,2,1,2,1,1,1,1,1,1,1,4,2,2,2,2,3,2,2,1,3,2,1,2,1,1,2,1,1,1,2,2,1,1,1,2,1,1,3,2,1,2,2,2,3,07 to 10.5 mo,96,17,19,15,14,16,19,13,19
141228,SM,7,Female,Bachelor's degree or higher,White,south,1,1,2,1,1,1,3,1,1,1,1,3,1,2,2,1,1,1,2,1,2,1,2,1,1,1,1,2,1,1,1,1,1,1,2,2,1,1,2,1,1,1,1,1,1,1,3,1,1,1,1,3,1,2,1,1,1,1,1,1,1,2,1,1,1,1,1,1,1,1,1,1,1,3,2,3,2,4,4,4,07 to 10.5 mo,77,13,15,13,13,12,13,11,25
141229,SM,8,Male,Bachelor's degree or higher,Hispanic,south,1,1,1,2,1,2,2,1,1,1,1,2,1,2,3,2,2,2,3,1,1,1,2,1,1,1,1,3,1,1,1,1,1,1,2,1,2,2,1,2,2,2,2,2,1,2,2,2,2,1,2,2,1,2,1,1,1,1,1,1,1,2,1,1,1,1,1,1,1,1,1,1,1,2,1,1,2,2,2,2,07 to 10.5 mo,88,13,19,13,14,18,13,11,15
141230,SM,6,Female,Bachelor's degree or higher,White,south,2,2,2,2,2,3,2,2,1,1,2,3,2,3,3,1,2,2,3,2,1,2,1,2,2,1,2,2,1,1,1,1,1,1,2,1,3,3,2,1,1,1,1,1,1,1,1,1,2,1,2,3,1,2,1,2,1,1,1,1,2,2,1,2,1,2,2,2,2,1,2,1,1,4,3,1,4,4,4,2,03.5 to 6 mo,97,19,23,15,16,11,15,17,26
141231,SM,4,Female,Some college or associate degree,White,south,1,1,1,2,1,2,2,1,1,1,3,3,1,2,2,1,1,1,4,2,2,1,2,1,2,1,1,3,2,1,1,1,1,1,2,1,2,1,2,1,1,1,1,1,1,1,1,1,1,1,1,3,2,3,1,1,1,1,1,1,1,2,1,1,1,1,2,1,2,1,1,1,2,4,1,1,4,4,4,4,03.5 to 6 mo,87,13,20,16,13,10,15,13,26
141232,SM,4,Male,Bachelor's degree or higher,White,south,1,1,2,1,1,2,3,2,2,2,3,2,1,2,3,1,2,1,3,1,1,2,2,1,1,1,2,1,1,1,1,1,1,1,2,1,3,1,2,2,1,1,1,1,1,1,3,1,1,1,1,4,2,3,1,2,1,1,1,1,1,2,1,2,1,2,2,2,2,1,2,2,2,4,1,1,3,3,3,3,03.5 to 6 mo,92,17,19,13,15,12,17,16,24
141233,SM,4,Female,Some college or associate degree,Hispanic,south,1,2,3,2,2,3,2,3,2,4,1,3,1,2,3,1,2,3,4,2,1,2,2,2,1,2,2,2,3,2,1,1,1,2,2,2,2,1,2,1,1,1,1,1,1,2,1,1,1,1,1,3,1,2,1,1,1,1,1,1,1,3,2,2,1,2,2,2,2,2,2,1,4,4,4,2,4,4,4,2,03.5 to 6 mo,99,24,22,19,15,11,13,19,31
141242,SM,5,Female,Some college or associate degree,White,south,1,2,1,2,1,2,1,1,1,1,4,3,1,1,3,1,2,2,2,2,1,1,2,1,2,1,1,2,1,1,1,1,1,2,2,1,2,1,2,1,1,1,1,1,1,1,1,1,1,1,1,4,2,2,1,1,1,1,1,1,2,2,1,1,2,2,2,1,1,1,1,1,1,4,3,2,4,4,4,3,03.5 to 6 mo,88,13,21,13,14,10,15,15,27
141243,SM,8,Female,Bachelor's degree or higher,White,south,1,1,1,1,1,1,2,1,1,1,2,3,1,1,3,1,2,1,4,1,1,1,1,1,1,1,1,2,1,1,2,1,1,1,2,3,4,1,1,1,1,1,1,1,1,1,1,1,1,1,1,4,1,1,1,1,1,1,1,1,4,2,2,1,1,1,1,1,1,1,1,1,1,1,1,1,1,1,1,1,07 to 10.5 mo,85,11,19,11,17,10,13,15,10
141244,SM,7,Male,Bachelor's degree or higher,White,south,1,1,2,1,1,2,1,2,1,2,4,4,2,3,3,1,2,1,3,1,3,1,2,2,2,2,1,2,1,1,1,1,1,1,2,1,2,1,1,1,1,1,1,1,1,2,2,1,1,1,1,1,2,2,1,2,1,2,1,1,1,2,1,1,1,2,1,1,1,1,1,1,1,3,2,1,2,2,3,2,07 to 10.5 mo,91,14,24,17,12,12,14,12,18
141245,SM,6,Female,Bachelor's degree or higher,White,south,2,2,1,1,1,2,2,1,2,3,1,2,1,2,2,1,1,1,3,1,1,2,1,1,1,1,2,2,2,1,1,1,1,1,2,2,2,1,2,1,1,1,1,1,1,1,1,1,2,1,1,3,1,2,1,1,1,2,1,1,1,2,1,1,1,2,1,1,1,1,2,2,1,1,2,1,1,2,3,2,03.5 to 6 mo,80,17,15,14,14,11,14,12,17
141283,SM,7,Female,Bachelor's degree or higher,White,south,2,1,1,1,1,2,1,2,1,1,1,2,1,2,3,1,2,1,3,1,1,1,1,1,2,1,1,2,1,1,1,1,1,1,2,2,2,1,2,2,1,1,1,1,1,2,1,1,2,2,1,4,1,3,1,2,1,1,1,1,1,2,2,2,1,1,2,2,1,1,1,1,1,4,1,1,1,2,2,2,07 to 10.5 mo,88,13,17,12,15,13,16,15,16
143004,SM,5,Female,Bachelor's degree or higher,White,northeast,1,3,1,1,1,1,2,1,2,3,4,4,2,4,4,1,2,1,1,1,1,1,1,1,1,2,1,2,1,1,1,1,1,1,2,1,1,1,1,1,1,1,1,1,1,1,1,1,1,1,1,3,1,3,1,1,1,1,1,1,1,2,1,2,2,3,1,1,1,1,1,1,1,1,3,1,1,1,3,3,03.5 to 6 mo,86,16,24,12,11,10,14,15,16
143017,SM,5,Male,Bachelor's degree or higher,Hispanic,northeast,1,1,1,1,1,2,2,1,1,1,1,2,1,3,3,1,3,1,4,2,1,1,2,1,1,1,1,2,1,1,1,1,1,1,2,1,3,3,1,1,1,1,1,1,1,1,2,1,2,1,1,4,2,1,1,1,1,1,1,1,1,2,1,1,1,2,1,1,1,1,1,2,1,1,2,1,3,1,3,2,03.5 to 6 mo,86,12,21,12,15,12,14,12,17
143035,SM,9,Female,High school graduate (including GED),White,northeast,1,1,1,1,1,2,2,1,1,1,2,2,1,1,2,1,2,2,2,1,1,1,1,1,2,1,1,2,1,1,1,1,1,1,2,1,2,1,2,1,1,1,1,1,1,1,1,1,1,1,2,3,2,1,1,2,1,1,1,1,1,1,2,1,1,2,2,1,1,1,1,1,1,2,2,1,2,1,1,2,07 to 10.5 mo,79,12,16,12,13,10,15,13,14
143036,SM,4,Female,High school graduate (including GED),Hispanic,northeast,2,2,2,1,1,3,4,2,2,1,2,2,1,2,2,2,1,1,2,2,2,1,2,2,2,2,2,3,1,2,1,1,1,2,2,1,1,1,1,1,1,1,1,1,1,1,1,2,1,1,1,3,1,2,1,1,1,1,1,1,1,2,1,2,2,2,2,1,1,1,2,1,1,4,2,1,4,3,4,3,03.5 to 6 mo,87,20,17,19,12,11,13,15,25
143041,SM,9,Male,Bachelor's degree or higher,White,northeast,1,1,1,1,1,2,2,1,3,2,3,2,1,2,3,1,2,1,2,1,1,1,2,2,1,1,2,2,2,1,1,1,1,1,2,1,1,2,1,1,1,1,1,1,1,1,2,1,2,1,1,3,2,1,1,1,1,1,1,1,1,1,1,1,2,2,2,1,2,1,1,1,1,4,2,1,2,2,2,2,07 to 10.5 mo,84,15,18,15,12,12,13,14,18
146005,SM,7,Female,Bachelor's degree or higher,White,west,2,2,1,2,1,2,1,1,1,1,1,3,1,2,2,1,2,1,4,1,1,1,1,1,1,1,1,3,1,1,1,1,1,2,2,1,3,1,1,3,1,1,1,1,1,1,1,2,2,1,2,3,1,2,1,2,1,1,1,1,1,2,1,1,1,1,1,1,2,1,1,1,1,4,1,1,2,2,1,1,07 to 10.5 mo,85,14,18,12,16,12,15,12,15
158051,SM,9,Female,Bachelor's degree or higher,White,northeast,1,1,1,2,1,2,1,1,2,1,2,2,1,2,2,1,1,1,3,1,1,1,1,1,2,1,2,2,1,1,1,1,2,1,2,2,3,2,2,1,1,1,1,1,1,2,1,1,2,1,1,4,2,1,1,2,1,1,1,1,1,1,1,2,2,1,2,1,1,1,1,1,1,2,2,1,2,1,2,2,07 to 10.5 mo,86,13,16,13,17,12,15,13,15
158054,SM,8,Female,High school graduate (including GED),White,northeast,1,1,1,1,1,1,1,1,1,1,3,1,1,2,3,1,1,1,2,1,2,1,1,1,1,1,1,2,1,1,1,1,1,1,1,1,2,1,1,1,1,1,1,1,1,1,1,1,1,1,1,3,1,1,1,1,1,1,1,1,1,1,1,1,1,1,2,1,1,1,1,1,1,3,1,1,2,1,1,1,07 to 10.5 mo,72,10,16,12,11,10,12,11,13
178002,SM,5,Female,Some college or associate degree,White,south,1,1,1,2,2,2,2,2,1,2,2,2,1,2,2,1,2,1,3,1,1,1,1,1,1,1,1,2,1,1,1,1,1,1,2,1,2,1,2,1,1,1,1,1,1,1,1,1,1,1,1,2,2,2,1,1,1,1,1,1,1,2,1,1,2,2,2,1,1,1,1,1,1,1,1,1,1,1,1,1,03.5 to 6 mo,78,16,17,11,13,10,13,14,10
178009,SM,8,Female,Bachelor's degree or higher,White,south,1,1,1,1,1,2,1,2,1,1,4,4,2,3,3,1,3,1,2,1,1,1,1,1,2,2,1,2,1,1,2,1,1,1,2,2,3,1,1,2,1,1,1,1,2,1,2,2,1,1,2,3,1,2,2,2,1,1,1,1,1,1,1,1,1,2,1,1,1,1,1,1,1,1,1,1,1,2,2,1,07 to 10.5 mo,93,12,24,13,16,13,16,11,12
189001,SM,7,Female,Bachelor's degree or higher,White,south,2,2,2,2,2,3,2,2,2,1,2,2,1,3,3,1,1,1,3,1,1,1,2,2,2,2,2,2,1,1,1,1,2,1,3,2,2,1,2,2,1,1,1,1,1,1,2,1,1,1,2,3,2,1,1,1,2,1,1,1,2,2,1,2,2,2,2,2,2,1,1,1,1,4,2,2,2,3,3,3,07 to 10.5 mo,95,20,18,16,17,11,15,18,22
189002,SM,6,Male,Bachelor's degree or higher,White,south,1,2,2,1,2,3,2,2,2,2,2,2,1,3,2,1,1,2,2,1,1,1,1,1,1,1,2,2,2,1,1,1,1,1,2,1,3,2,2,1,1,1,1,1,1,1,1,1,1,1,1,2,1,2,1,1,1,1,1,1,1,3,1,2,1,1,2,1,1,1,1,1,1,1,2,2,1,1,1,2,03.5 to 6 mo,81,19,17,13,15,10,12,14,13
189003,SM,9,Female,Bachelor's degree or higher,White,south,1,2,2,2,2,2,1,1,2,1,2,2,1,3,3,1,2,1,2,1,1,2,2,1,1,1,2,2,2,1,1,1,2,1,3,2,2,1,2,2,1,1,1,1,1,1,2,1,2,1,2,2,1,2,1,2,2,1,1,1,1,2,2,2,1,1,2,1,2,1,1,1,1,2,2,2,2,2,2,2,07 to 10.5 mo,92,16,18,15,17,12,15,15,17
189004,SM,8,Male,Bachelor's degree or higher,White,south,1,2,2,1,1,2,3,1,1,2,3,2,2,1,2,1,2,1,2,2,2,1,2,2,2,1,1,2,2,1,1,1,1,1,2,2,1,1,1,1,1,1,1,1,1,1,1,1,2,1,1,2,1,1,1,1,1,1,1,1,1,1,1,1,1,1,1,1,1,1,1,1,1,2,1,1,1,2,2,2,07 to 10.5 mo,78,16,18,16,12,11,11,10,14
189005,SM,4,Male,Bachelor's degree or higher,White,south,1,1,1,1,1,2,2,2,2,1,4,4,1,3,3,1,2,2,3,2,3,1,2,2,2,2,2,2,2,1,1,1,1,1,2,1,3,1,2,1,1,1,1,1,1,1,1,1,1,1,2,4,2,4,1,1,1,2,1,1,1,2,2,1,2,1,1,1,1,1,3,3,2,4,3,2,4,3,3,2,03.5 to 6 mo,100,14,25,19,14,10,19,13,29
189006,SM,7,Male,Bachelor's degree or higher,White,south,1,1,1,1,1,2,1,1,1,1,3,2,1,2,2,2,2,2,2,1,1,1,2,1,2,2,1,1,1,1,1,1,1,1,2,1,1,1,2,1,1,1,1,1,1,1,1,1,1,1,1,2,1,1,1,1,1,1,1,1,1,1,1,2,2,2,2,2,1,1,1,1,1,1,1,1,1,1,1,1,07 to 10.5 mo,80,11,19,13,12,10,11,15,10
190098,SM,8,Female,Bachelor's degree or higher,White,west,1,2,2,2,2,2,2,1,2,1,3,2,1,1,2,1,1,1,2,1,1,1,2,1,1,1,2,2,1,1,1,1,1,2,2,1,3,2,2,1,1,1,2,1,1,1,1,2,2,1,2,3,1,2,1,1,2,1,1,1,1,2,1,2,1,1,1,1,1,1,3,2,1,4,3,2,4,2,3,2,07 to 10.5 mo,84,17,15,13,16,13,15,12,26
209003,SM,6,Female,High school graduate (including GED),White,south,1,1,1,1,1,2,1,2,1,1,4,4,2,4,4,1,3,1,2,1,2,1,1,1,1,1,1,4,1,1,1,1,1,1,1,1,1,1,1,1,1,1,1,1,1,1,1,1,1,1,1,3,2,1,1,1,1,1,1,1,1,2,1,1,1,1,2,1,1,1,1,1,1,1,1,1,1,1,1,1,03.5 to 6 mo,85,12,26,14,10,10,13,12,10
209014,SM,9,Male,Bachelor's degree or higher,Black,south,1,1,1,1,1,1,2,1,1,2,1,2,1,2,2,1,2,1,4,1,1,1,1,1,1,1,1,2,1,1,1,1,1,1,2,1,1,1,1,1,1,1,1,1,1,1,1,1,1,1,2,3,1,2,1,1,1,1,1,1,1,2,1,1,1,2,3,1,1,1,1,1,2,2,2,1,2,3,1,2,07 to 10.5 mo,77,12,17,11,11,10,14,14,17
209017,SM,5,Female,Bachelor's degree or higher,MultiRacial,south,2,2,2,2,2,3,2,2,2,2,2,3,1,2,3,1,2,1,3,1,1,2,2,1,2,2,1,2,2,2,1,1,1,2,2,2,3,1,1,1,1,1,1,1,1,1,2,1,1,1,2,3,3,3,1,1,1,1,1,1,1,3,1,1,1,2,2,1,1,1,1,1,1,1,1,1,2,1,2,2,03.5 to 6 mo,93,21,19,17,15,11,17,14,13
209022,SM,9,Male,Bachelor's degree or higher,White,south,1,1,1,1,1,2,1,1,1,2,3,4,1,3,4,1,2,1,2,1,1,1,1,1,1,1,1,3,1,1,1,1,1,1,2,2,2,2,1,1,1,1,1,1,1,1,1,1,1,1,1,3,1,2,1,1,1,1,1,1,1,1,1,1,1,1,1,1,1,1,1,1,1,1,1,1,1,1,1,1,07 to 10.5 mo,81,12,22,12,14,10,13,10,10
209046,SM,6,Female,Bachelor's degree or higher,White,south,2,2,2,3,1,2,2,2,2,1,3,3,1,3,3,1,2,1,2,1,1,2,2,1,2,2,2,3,1,2,2,1,1,1,3,1,3,1,2,1,1,1,1,1,1,1,1,2,1,1,1,4,2,2,2,1,2,1,2,2,2,2,1,2,1,2,2,1,2,1,2,1,1,1,2,1,1,2,2,2,03.5 to 6 mo,100,19,20,18,16,11,19,16,15
209047,SM,4,Female,Bachelor's degree or higher,White,south,1,1,1,1,1,1,2,1,1,1,3,3,1,3,4,1,2,2,3,1,1,1,1,1,1,2,1,4,1,1,1,1,1,2,2,1,4,1,2,1,1,1,1,1,1,2,3,1,2,1,1,4,2,2,1,1,1,1,1,1,1,2,2,2,2,1,3,1,1,1,1,1,1,4,1,1,4,4,3,1,03.5 to 6 mo,98,11,23,14,16,14,15,16,21
209048,SM,9,Male,Bachelor's degree or higher,White,south,1,1,1,1,1,2,2,1,1,1,2,1,1,2,2,1,1,1,1,1,1,1,1,1,1,1,1,2,1,1,1,1,1,1,2,1,1,1,1,1,1,1,1,1,1,1,2,1,1,1,2,3,1,2,2,2,1,1,1,1,1,1,1,1,1,1,1,1,1,1,1,1,1,2,2,2,1,3,3,3,07 to 10.5 mo,72,12,13,11,11,11,16,10,19
209049,SM,7,Female,Bachelor's degree or higher,White,south,1,1,1,1,1,2,1,1,1,1,3,3,1,1,2,1,2,1,4,1,1,1,3,1,1,2,2,2,1,1,1,1,1,1,2,1,3,2,2,1,1,1,1,1,1,1,1,1,1,1,3,3,1,2,2,1,1,2,1,1,1,1,1,1,1,1,1,1,1,1,1,1,1,1,1,1,2,2,2,1,07 to 10.5 mo,86,11,19,15,15,10,17,10,13
209050,SM,7,Male,Bachelor's degree or higher,White,south,2,1,2,1,1,3,1,1,1,2,2,2,1,1,2,1,2,1,2,1,1,1,2,3,1,2,1,2,1,1,2,1,2,2,3,2,1,1,2,1,1,1,1,1,1,1,1,1,2,1,2,3,2,2,1,1,1,1,1,1,1,1,1,1,2,2,2,1,2,1,2,1,2,2,2,2,2,2,2,3,07 to 10.5 mo,87,15,15,15,17,11,15,14,20
209051,SM,6,Male,Bachelor's degree or higher,White,south,1,1,1,1,1,2,2,1,1,1,2,3,1,2,3,1,2,1,3,1,1,1,1,1,1,1,1,3,1,1,1,1,1,1,2,2,2,2,2,1,1,1,1,1,1,1,1,1,2,1,2,3,1,2,2,1,1,1,1,1,1,1,1,1,1,3,1,1,1,1,1,1,1,4,2,1,3,3,3,2,03.5 to 6 mo,84,12,19,12,15,11,15,12,21
212001,SM,5,Female,Bachelor's degree or higher,Hispanic,west,1,3,1,1,1,2,2,1,1,1,3,3,1,3,3,1,2,1,3,1,2,1,2,2,2,2,1,2,1,1,2,2,2,2,2,2,3,1,2,1,1,1,1,1,1,1,1,1,1,1,2,4,2,3,1,2,2,2,2,1,1,2,2,2,1,3,2,1,2,1,1,1,1,4,1,2,3,3,4,3,03.5 to 6 mo,104,14,21,16,19,10,21,17,23
212021,SM,7,Male,Bachelor's degree or higher,White,west,1,2,2,2,1,2,2,2,1,1,3,1,1,2,2,1,2,1,3,1,1,1,2,2,2,2,1,2,2,1,1,1,2,2,2,2,2,2,2,1,1,3,2,1,1,1,2,2,1,1,2,3,1,2,1,2,1,1,1,1,2,2,2,2,2,2,2,1,2,1,2,3,1,4,2,2,2,2,2,1,07 to 10.5 mo,98,16,17,16,17,15,15,18,21
212034,SM,5,Female,Bachelor's degree or higher,Asian,west,1,1,2,2,3,2,2,2,1,2,4,4,2,3,3,1,2,1,3,2,2,1,2,1,2,1,2,2,2,1,1,1,1,1,2,1,4,1,1,2,1,1,1,1,1,1,2,1,1,1,1,4,2,1,1,1,1,1,1,1,1,2,1,1,2,1,1,1,1,1,2,1,2,4,2,2,4,4,4,4,03.5 to 6 mo,93,18,25,16,15,11,14,12,29
214005,SM,8,Male,Bachelor's degree or higher,White,midwest,1,1,1,1,1,2,1,1,1,2,2,4,1,3,4,1,3,1,3,1,1,1,2,2,2,1,1,3,1,1,1,1,1,1,2,2,1,1,1,1,1,1,1,1,1,2,3,1,1,1,1,4,1,2,1,1,1,4,1,1,1,2,1,1,1,1,1,1,1,1,1,1,1,4,2,1,1,2,1,1,07 to 10.5 mo,91,12,23,15,12,13,17,11,15
214022,SM,4,Female,Bachelor's degree or higher,White,south,2,2,2,2,2,2,3,2,2,2,4,3,1,3,3,1,1,2,3,2,1,2,1,2,1,1,1,3,1,1,1,1,1,2,2,1,4,1,3,1,1,1,1,1,1,1,1,1,1,1,1,3,1,2,1,1,1,1,1,1,1,2,1,2,2,2,2,1,1,1,1,1,1,4,1,1,1,1,3,2,03.5 to 6 mo,92,21,23,14,17,10,13,15,16
214023,SM,4,Female,Some college or associate degree,White,south,1,1,1,1,1,2,3,1,1,1,3,3,2,3,3,1,2,2,4,2,2,1,1,2,1,2,1,2,1,1,1,1,1,1,3,1,3,1,1,1,1,1,1,1,1,1,1,1,1,1,1,2,1,2,1,1,1,1,1,1,1,2,1,2,2,3,1,1,1,1,1,1,1,1,1,1,1,1,1,1,03.5 to 6 mo,90,13,25,14,14,10,12,15,10
216016,SM,8,Male,Bachelor's degree or higher,Hispanic,midwest,3,2,2,2,1,2,2,2,1,1,4,4,1,3,3,1,3,1,2,2,1,3,2,1,2,1,2,4,1,2,1,1,1,1,2,2,3,2,2,2,1,1,1,1,1,1,1,1,1,1,4,4,2,3,3,1,1,1,1,2,1,2,2,2,2,2,2,1,2,2,2,3,1,2,3,1,2,3,2,2,07 to 10.5 mo,110,18,24,19,17,10,22,18,21
216050,SM,4,Male,Bachelor's degree or higher,White,midwest,1,1,2,2,2,2,3,2,1,1,2,3,1,1,2,1,1,4,1,2,2,2,1,1,1,1,2,1,1,1,1,1,1,2,1,1,3,1,2,1,1,1,1,1,1,1,4,1,1,4,1,3,1,1,1,1,1,1,1,1,1,2,1,2,1,2,1,1,2,1,3,3,2,4,1,2,4,4,4,3,03.5 to 6 mo,87,17,18,13,14,16,12,14,30
216055,SM,8,Female,Bachelor's degree or higher,White,midwest,1,1,1,2,2,2,2,1,1,1,3,2,1,1,2,1,1,1,2,1,2,2,2,1,1,3,1,2,1,1,1,1,1,1,2,1,2,1,2,2,1,1,1,1,1,1,1,1,2,1,1,3,1,2,1,2,1,2,1,1,1,2,2,2,2,2,2,1,2,1,1,1,1,4,2,2,3,2,3,2,07 to 10.5 mo,88,14,15,16,14,11,15,17,21
216058,SM,9,Female,Bachelor's degree or higher,White,midwest,1,1,1,1,1,2,2,2,3,2,3,2,1,1,2,1,2,1,3,1,1,3,1,2,2,1,2,3,3,1,1,1,1,1,2,2,2,1,1,1,1,1,1,1,2,2,3,2,1,1,1,3,2,1,1,1,1,1,1,1,2,1,1,1,1,1,1,1,1,1,3,1,1,3,1,1,2,2,2,3,07 to 10.5 mo,88,16,17,19,13,15,13,11,19
216065,SM,8,Male,Bachelor's degree or higher,White,midwest,1,1,2,3,2,2,2,1,1,1,3,2,1,1,3,1,2,1,2,1,1,1,2,1,2,2,2,3,1,1,2,2,2,2,2,1,2,2,3,2,1,1,1,1,1,1,1,1,2,3,1,4,1,2,1,1,1,1,1,1,2,2,2,2,2,1,1,1,2,1,2,1,1,1,2,2,1,2,2,2,07 to 10.5 mo,96,16,17,16,20,13,14,16,16
216066,SM,5,Female,Bachelor's degree or higher,White,midwest,2,2,2,2,2,3,4,2,1,1,2,1,1,2,2,1,2,1,3,1,1,1,2,1,1,1,2,2,2,1,2,1,1,1,2,1,2,1,1,2,1,1,1,1,1,1,1,1,1,1,1,2,2,2,1,1,1,1,1,1,2,2,1,1,2,2,2,1,2,1,1,1,1,1,2,2,2,3,4,3,03.5 to 6 mo,83,21,16,14,14,10,13,16,20
219020,SM,4,Female,Bachelor's degree or higher,White,south,2,3,2,1,1,3,3,1,1,2,2,3,1,2,3,2,1,2,2,1,2,2,2,1,2,1,3,3,2,2,2,1,1,1,2,1,2,1,2,1,1,1,1,1,1,1,1,1,1,1,1,4,1,3,1,1,1,1,1,1,1,3,1,1,1,2,1,1,2,2,3,2,1,4,1,1,4,4,4,4,03.5 to 6 mo,93,19,19,20,14,10,15,15,28
224014,SM,5,Male,Bachelor's degree or higher,White,northeast,1,1,2,1,1,2,2,1,1,1,3,3,1,3,3,1,2,2,3,1,1,2,2,2,2,2,1,3,2,1,1,1,1,1,1,1,1,1,1,1,1,1,1,1,1,1,1,1,1,1,2,3,1,1,1,1,1,1,1,1,1,2,1,1,1,1,1,1,1,1,1,1,1,1,1,1,1,2,1,2,03.5 to 6 mo,84,13,22,18,10,10,13,11,12
224023,SM,4,Female,Some college or associate degree,Hispanic,northeast,2,2,3,2,2,2,3,1,2,1,3,4,1,3,4,1,1,4,3,1,1,2,3,1,4,1,3,3,2,1,1,1,1,2,2,1,3,1,2,1,1,1,1,1,1,1,1,1,1,1,1,2,3,2,1,1,2,1,1,1,1,2,1,2,2,2,2,1,1,1,2,2,2,4,2,2,4,2,2,2,03.5 to 6 mo,101,20,25,21,15,10,15,15,24
230007,SM,9,Male,Some college or associate degree,White,midwest,2,2,2,2,2,3,2,1,1,2,3,4,1,3,3,1,2,1,3,1,1,2,3,1,2,1,1,3,1,1,1,1,1,2,2,2,2,4,1,1,1,1,1,1,1,2,1,2,3,2,2,4,2,3,1,1,1,1,1,1,1,1,1,2,1,3,2,2,1,1,2,1,1,1,3,2,2,3,3,3,07 to 10.5 mo,102,19,22,16,17,15,17,15,21
230030,SM,4,Male,Bachelor's degree or higher,White,midwest,2,3,2,2,1,2,2,2,1,2,3,3,1,3,3,1,3,1,3,2,1,1,3,1,1,1,2,3,2,2,1,1,1,1,2,2,1,1,2,1,1,1,1,1,1,1,1,1,1,1,1,3,2,3,1,1,1,1,1,1,1,3,1,2,2,1,2,1,1,1,2,1,1,4,1,2,4,2,3,3,03.5 to 6 mo,93,19,23,17,13,10,15,15,23
230031,SM,9,Male,Bachelor's degree or higher,White,midwest,2,2,1,2,1,3,3,1,2,2,3,4,1,2,4,1,3,2,3,2,2,2,2,1,2,2,2,2,2,1,1,1,1,1,2,2,3,1,2,2,1,1,1,1,1,1,3,1,1,1,2,4,2,3,1,3,2,2,2,2,1,1,1,2,1,2,2,1,1,2,2,2,1,4,2,2,2,2,3,3,07 to 10.5 mo,108,19,25,18,16,12,23,14,23
236011,SM,4,Female,Bachelor's degree or higher,White,west,2,3,3,2,2,3,3,1,2,2,4,4,1,3,3,2,2,2,3,2,2,2,2,2,2,2,2,2,2,2,2,1,2,2,2,1,3,1,3,2,1,1,1,1,1,1,1,1,1,1,1,3,2,2,1,1,2,1,2,2,2,2,2,2,2,2,2,1,2,2,2,2,2,4,1,2,4,4,4,4,03.5 to 6 mo,111,23,26,20,19,10,17,19,29
250045,SM,8,Female,Bachelor's degree or higher,Black,south,1,1,2,2,1,2,1,1,1,2,2,1,1,1,3,1,1,1,2,1,1,1,1,2,1,1,1,1,1,1,1,1,1,2,3,2,4,2,2,1,1,1,1,1,1,1,1,1,1,1,2,4,1,2,1,1,1,2,2,2,1,1,1,1,1,1,1,1,1,1,1,1,1,1,1,1,1,1,1,1,07 to 10.5 mo,82,14,14,11,19,10,18,10,10
250056,SM,9,Female,Bachelor's degree or higher,White,south,1,1,1,1,1,1,1,1,1,1,3,3,1,1,3,1,2,1,3,1,1,1,1,1,2,1,1,2,2,1,1,1,1,1,2,1,1,2,1,1,1,1,1,1,1,1,2,1,1,1,2,4,2,2,1,2,1,1,1,1,1,1,1,1,1,2,1,1,2,1,1,1,1,4,1,1,2,1,2,2,07 to 10.5 mo,84,10,19,13,12,11,17,12,16
250068,SM,4,Male,Bachelor's degree or higher,White,south,2,1,1,2,2,3,3,2,2,2,2,2,1,2,1,2,1,2,3,1,2,2,2,2,2,2,2,2,2,2,1,1,1,1,1,1,2,1,2,1,1,1,1,1,1,1,1,1,1,1,1,2,2,2,1,1,1,1,1,1,1,3,1,1,1,1,1,1,1,2,2,2,2,1,1,1,1,1,1,1,03.5 to 6 mo,85,20,17,20,12,10,13,13,13
250069,SM,9,Female,Bachelor's degree or higher,Hispanic,south,1,1,1,1,1,2,1,2,1,1,4,2,1,2,2,1,1,1,2,1,1,1,1,1,1,2,1,2,1,1,1,1,1,1,2,1,2,1,2,1,1,2,1,1,1,1,1,1,1,1,2,4,1,2,1,1,1,1,1,1,1,1,1,1,1,2,1,1,1,1,1,1,1,3,1,1,1,1,1,1,07 to 10.5 mo,79,12,17,12,13,11,15,11,12
260051,SM,7,Male,Bachelor's degree or higher,White,south,1,1,1,1,1,1,1,1,1,1,1,1,1,1,1,1,1,1,1,1,1,1,2,2,1,1,1,1,1,1,1,1,1,1,2,1,2,2,1,1,1,1,1,1,1,1,1,1,1,1,1,2,1,1,1,1,1,1,1,1,1,1,1,1,1,1,1,1,1,1,1,1,1,1,1,1,1,1,1,1,07 to 10.5 mo,66,10,10,12,13,10,11,10,10
260052,SM,9,Female,Bachelor's degree or higher,White,south,2,2,3,2,1,3,3,1,1,1,2,3,1,2,3,1,2,2,3,2,1,1,2,1,1,1,2,2,2,1,3,1,1,1,1,1,1,1,1,3,1,1,1,1,1,1,3,1,1,1,1,4,1,1,1,2,1,1,1,1,1,1,1,1,2,1,2,1,2,1,2,1,1,4,2,1,2,1,2,3,07 to 10.5 mo,88,19,21,14,14,12,14,13,19
275003,SM,6,Female,High school graduate (including GED),White,northeast,2,2,1,2,1,2,2,1,2,1,2,1,1,1,2,1,1,1,3,1,1,1,1,1,1,1,1,2,2,1,1,1,1,1,2,1,2,1,1,1,1,1,1,1,1,1,1,1,1,1,2,3,2,3,1,2,1,1,1,2,1,2,1,1,2,2,1,1,2,1,1,1,1,4,1,1,4,1,1,1,03.5 to 6 mo,80,16,14,12,12,10,18,14,16
275027,SM,6,Male,High school graduate (including GED),Hispanic,northeast,2,1,2,2,1,2,1,2,1,1,4,2,1,2,2,1,1,1,4,1,2,1,2,1,1,1,1,2,1,1,1,1,1,1,2,1,2,1,1,1,1,1,1,1,1,1,1,1,2,1,2,4,2,2,1,2,1,2,1,1,1,1,1,2,2,3,2,1,2,2,1,1,2,4,2,2,3,2,2,2,03.5 to 6 mo,90,15,19,13,12,11,18,17,21
275029,SM,9,Female,Did not complete high school (no diploma),Black,northeast,2,2,2,3,2,3,2,2,1,1,4,3,1,3,3,2,2,2,3,2,4,1,2,3,1,2,1,3,1,3,1,2,1,1,2,1,3,1,2,2,1,1,1,1,1,1,1,3,1,1,2,3,2,2,1,2,1,2,2,1,1,2,2,1,3,3,3,1,2,2,3,3,1,2,2,1,1,2,3,1,07 to 10.5 mo,112,20,25,21,16,12,18,20,19
292003,SM,8,Female,High school graduate (including GED),Black,south,2,2,2,3,2,2,3,2,3,3,2,3,1,2,2,1,1,2,2,2,1,2,2,2,2,2,2,3,1,2,1,1,2,1,2,2,1,1,3,1,1,2,1,1,1,1,2,1,1,1,3,3,1,3,2,2,1,2,2,1,2,1,1,1,1,1,1,2,1,1,2,1,2,4,2,2,2,3,3,2,07 to 10.5 mo,96,24,18,19,15,12,20,12,23
292007,SM,6,Male,Did not complete high school (no diploma),Black,south,2,2,3,2,1,3,4,3,2,3,3,2,2,3,3,2,1,3,2,3,1,3,2,2,2,1,3,3,2,2,1,1,2,1,2,2,1,1,2,1,1,1,1,1,1,1,2,1,1,1,1,3,2,4,1,1,1,2,2,1,2,2,2,1,2,2,2,2,1,2,2,2,2,4,3,3,4,4,3,3,03.5 to 6 mo,106,25,24,21,14,11,18,18,30
294002,SM,7,Male,High school graduate (including GED),MultiRacial,midwest,1,1,1,1,1,3,2,2,2,2,3,2,1,2,2,1,1,1,1,2,2,1,2,1,2,2,2,3,2,1,1,1,1,2,2,2,2,1,1,1,1,1,1,1,1,1,1,1,1,1,1,1,1,2,1,1,1,2,1,1,1,1,1,1,1,1,1,1,1,1,1,1,1,3,1,1,3,2,3,3,07 to 10.5 mo,80,16,16,18,14,10,12,10,19
294003,SM,9,Male,High school graduate (including GED),Black,midwest,1,1,1,1,1,3,2,2,1,1,2,2,1,1,1,1,1,1,2,1,2,1,1,1,2,2,2,3,1,1,1,1,1,1,2,1,2,2,1,1,1,1,1,1,1,3,1,1,2,1,1,3,1,2,1,2,1,1,1,1,1,1,2,1,1,2,2,1,2,1,2,1,1,4,1,1,4,1,1,2,07 to 10.5 mo,83,14,13,16,13,13,14,14,18
294004,SM,8,Female,High school graduate (including GED),Black,midwest,1,1,1,1,1,3,1,1,1,1,3,3,1,3,3,2,2,2,2,2,2,1,1,1,2,2,2,4,2,2,2,1,1,1,2,2,2,2,1,2,1,1,1,1,1,2,2,3,2,1,3,2,1,2,1,2,1,1,3,1,2,2,2,3,2,1,2,4,2,1,2,1,2,3,2,1,1,1,1,2,07 to 10.5 mo,111,12,23,19,16,15,17,21,16
294005,SM,8,Female,High school graduate (including GED),Black,midwest,1,1,1,1,1,3,2,1,1,1,3,3,1,3,3,2,2,2,2,2,2,1,1,1,2,2,2,3,2,2,2,1,1,1,3,2,3,2,1,2,1,1,1,1,1,3,1,3,2,1,1,2,1,2,1,2,1,1,2,1,2,2,2,3,3,1,2,4,2,1,2,1,3,3,2,1,1,1,1,2,07 to 10.5 mo,110,13,23,18,18,15,14,22,17
294006,SM,9,Male,Did not complete high school (no diploma),Black,midwest,1,1,1,1,1,2,1,2,1,1,4,3,1,1,3,1,1,1,2,1,2,2,2,1,1,2,2,4,2,2,1,2,1,1,2,1,2,1,1,1,1,1,1,1,1,4,1,2,2,1,1,2,1,2,1,1,1,1,1,1,1,2,2,3,3,1,2,1,1,1,2,1,1,1,1,1,1,1,1,1,07 to 10.5 mo,95,12,18,20,13,15,12,17,11
298043,SM,5,Male,Did not complete high school (no diploma),Black,south,1,2,1,1,2,2,2,2,3,1,3,1,1,1,2,1,1,1,1,1,2,1,1,1,2,1,1,2,1,1,1,1,1,2,2,1,1,1,1,1,1,1,1,1,1,1,1,1,1,1,1,2,1,1,1,1,1,1,1,1,1,1,1,1,1,1,1,1,1,1,1,1,1,1,1,1,1,1,1,1,03.5 to 6 mo,69,17,13,13,12,10,11,10,10
298044,SM,8,Male,Did not complete high school (no diploma),Black,south,2,3,2,2,2,2,2,2,2,1,2,1,1,1,2,1,1,1,1,1,2,1,1,1,2,2,1,1,1,1,1,1,1,1,1,1,2,1,1,1,1,1,1,1,1,1,1,1,1,1,1,1,1,1,1,1,1,1,1,1,1,1,1,1,1,1,1,1,1,1,1,1,1,1,1,1,1,1,1,1,07 to 10.5 mo,66,20,12,13,11,10,10,10,10
298048,SM,9,Female,Some college or associate degree,Black,south,2,2,1,2,1,2,2,2,2,1,3,2,2,2,2,3,2,2,2,2,3,2,2,3,3,2,2,2,2,2,3,3,2,2,2,2,2,2,2,2,1,2,2,2,2,2,2,2,2,2,2,2,1,2,1,2,1,2,1,1,2,2,2,2,2,2,2,2,2,1,1,1,1,2,1,1,1,1,1,1,07 to 10.5 mo,120,17,22,23,22,19,15,19,11
298049,SM,9,Male,Some college or associate degree,Black,south,2,2,2,2,1,3,2,2,2,1,3,2,2,2,2,1,2,1,2,2,2,1,2,2,2,2,1,3,1,1,1,1,1,1,2,2,2,1,2,1,1,1,1,1,1,2,1,1,1,1,2,3,2,2,1,2,2,1,1,1,2,2,2,2,2,2,2,2,2,1,2,2,2,3,2,1,2,1,2,2,07 to 10.5 mo,97,19,19,17,14,11,17,19,19
298050,SM,6,Female,Some college or associate degree,Black,south,1,2,1,2,1,2,2,2,1,2,2,2,2,2,2,2,2,2,2,2,2,2,2,2,2,2,2,3,2,1,3,3,2,2,2,2,2,2,1,2,1,1,1,1,2,2,1,1,1,1,2,2,2,3,1,2,1,2,2,1,1,2,2,2,3,2,2,2,2,1,1,1,1,2,1,1,1,1,1,1,03.5 to 6 mo,110,16,20,20,21,12,18,19,11
309001,SM,8,Male,Some college or associate degree,Hispanic,west,1,1,1,1,1,2,2,1,1,1,4,4,4,1,4,1,2,1,1,1,1,1,1,1,1,1,1,1,1,1,1,1,1,1,1,1,1,1,1,1,1,1,1,1,1,1,1,2,1,1,1,3,1,1,1,1,1,1,1,1,1,1,1,1,1,1,1,1,1,1,1,1,1,1,1,1,1,1,1,1,07 to 10.5 mo,76,12,23,10,10,11,12,10,10
309002,SM,5,Female,High school graduate (including GED),Hispanic,west,3,1,1,2,1,2,1,1,1,1,2,3,1,2,4,2,2,2,2,2,1,1,2,1,2,1,2,3,1,1,1,1,1,1,2,2,2,2,2,1,1,1,1,1,2,1,1,1,1,1,1,2,2,2,1,1,2,1,1,1,1,2,1,2,1,1,1,1,1,2,1,1,1,4,3,4,4,4,4,3,03.5 to 6 mo,90,14,22,15,15,11,14,13,29
318087,SM,9,Male,High school graduate (including GED),Black,midwest,2,1,1,2,1,2,3,1,2,1,1,1,1,1,1,1,1,2,1,2,1,1,1,1,1,1,1,2,1,1,1,1,1,1,1,1,1,1,1,1,1,1,1,1,1,1,1,2,1,1,1,1,1,1,1,1,1,1,1,1,1,1,1,1,1,1,1,1,1,1,2,1,2,3,1,1,1,1,2,2,07 to 10.5 mo,64,16,12,11,10,11,10,10,16
318088,SM,8,Female,High school graduate (including GED),Black,midwest,2,2,1,2,1,2,3,2,2,1,1,1,1,1,1,1,1,2,1,1,1,1,1,1,1,1,1,1,1,1,1,1,1,1,1,1,1,1,1,1,1,1,1,1,1,1,1,1,1,1,1,1,1,1,1,1,1,1,1,1,1,1,1,1,1,1,1,1,1,1,1,1,1,1,1,1,1,1,1,1,07 to 10.5 mo,61,18,11,10,10,10,10,10,10
318102,SM,5,Female,High school graduate (including GED),Black,midwest,2,3,3,3,3,3,2,3,3,3,4,4,4,3,3,4,3,3,3,1,2,2,2,2,2,2,2,3,2,2,2,2,2,2,2,2,3,2,2,2,2,2,2,2,1,2,2,2,1,2,2,2,2,2,3,2,2,2,1,2,2,2,2,2,2,3,2,2,2,2,2,2,3,2,2,2,2,2,2,2,03.5 to 6 mo,133,28,32,21,21,18,20,21,21
318103,SM,5,Female,High school graduate (including GED),Black,midwest,1,1,1,2,2,2,3,2,2,3,3,2,3,3,3,2,3,2,2,2,2,2,3,2,3,3,3,3,3,4,4,3,4,4,1,3,1,2,2,2,2,2,3,3,1,2,3,3,2,2,3,3,3,2,2,2,3,2,4,3,3,3,3,3,3,2,2,3,3,3,2,2,2,4,3,2,2,2,2,3,03.5 to 6 mo,157,19,25,28,26,23,27,28,24
324001,SM,8,Female,Bachelor's degree or higher,Hispanic,south,1,1,1,1,1,2,1,1,1,1,1,2,1,2,2,1,1,2,2,1,1,1,1,1,2,1,1,2,1,1,1,1,1,1,2,1,2,1,1,2,1,1,1,1,1,1,2,1,1,1,2,2,1,2,1,1,1,1,1,1,1,1,1,1,1,2,1,1,1,1,1,1,1,3,1,1,2,1,1,2,07 to 10.5 mo,75,11,15,12,13,11,13,11,14
354003,SM,7,Female,High school graduate (including GED),Black,midwest,1,1,1,1,1,1,1,1,1,1,1,1,1,1,1,1,1,1,1,1,1,1,1,1,1,1,1,1,1,1,1,1,1,1,1,1,1,1,1,1,1,1,1,1,1,1,1,1,1,1,2,2,1,1,1,2,1,1,1,1,1,1,1,1,1,1,1,1,1,1,1,1,1,1,1,1,1,1,1,1,07 to 10.5 mo,63,10,10,10,10,10,13,10,10
354004,SM,8,Female,High school graduate (including GED),Black,midwest,1,1,1,1,1,1,3,1,1,1,1,1,1,1,1,1,1,1,1,1,1,1,1,1,1,1,1,1,1,1,1,1,1,1,1,1,1,1,1,1,1,1,1,1,1,1,1,1,1,1,1,1,1,1,1,1,1,1,1,1,1,1,1,1,1,1,1,1,1,1,1,1,1,2,1,1,2,2,2,2,07 to 10.5 mo,60,12,10,10,10,10,10,10,15
354008,SM,9,Male,Some college or associate degree,Black,midwest,1,1,1,1,1,1,1,1,1,1,1,1,1,1,1,1,1,1,1,1,1,1,1,1,1,1,1,1,1,1,1,1,1,1,1,1,1,1,1,1,1,1,1,1,1,1,1,1,1,1,3,3,1,1,1,1,1,1,1,1,1,1,1,1,1,1,1,1,1,1,1,1,1,1,1,1,1,1,1,1,07 to 10.5 mo,64,10,10,10,10,10,14,10,10
354009,SM,5,Male,Did not complete high school (no diploma),Black,midwest,1,1,1,1,1,1,3,1,1,1,1,1,1,1,1,1,1,1,1,1,1,1,1,1,1,1,1,1,1,1,1,1,1,1,1,1,1,1,1,1,1,1,1,1,1,1,1,1,1,1,2,3,1,1,1,1,1,1,1,1,1,1,1,1,1,1,1,1,1,1,1,1,1,1,1,1,1,1,1,1,03.5 to 6 mo,63,12,10,10,10,10,13,10,10
354010,SM,9,Female,High school graduate (including GED),Black,midwest,1,1,1,1,1,1,1,1,1,1,1,1,1,1,1,1,1,1,1,1,1,1,1,1,1,1,1,1,1,1,1,1,1,1,1,1,1,1,1,1,1,1,1,1,1,1,1,1,1,1,1,1,1,1,1,1,1,1,1,1,1,1,1,1,1,1,1,1,1,1,1,1,1,1,1,1,1,1,1,1,07 to 10.5 mo,60,10,10,10,10,10,10,10,10
360019,SM,4,Female,Some college or associate degree,Hispanic,west,1,2,1,1,2,3,3,2,1,2,2,1,1,3,2,2,1,1,2,1,1,1,2,1,2,1,1,4,1,1,1,1,1,4,2,2,4,1,2,1,1,1,1,1,1,1,1,1,1,1,1,2,3,2,1,1,1,1,1,1,1,2,1,1,2,2,3,1,1,2,1,2,1,1,1,1,1,2,2,2,03.5 to 6 mo,90,18,16,15,19,10,14,16,14
360024,SM,4,Female,High school graduate (including GED),Hispanic,west,1,1,1,1,1,2,2,3,1,1,2,3,2,3,3,1,2,1,3,2,1,1,1,1,2,1,1,2,1,1,1,1,1,1,2,3,2,3,3,1,1,2,1,1,2,3,1,1,2,1,1,2,2,3,1,1,1,1,1,1,1,2,1,1,2,2,3,1,2,1,1,1,1,1,1,1,1,1,1,1,03.5 to 6 mo,97,14,22,12,18,15,14,16,10
360043,SM,9,Female,High school graduate (including GED),Hispanic,west,1,1,1,1,1,1,1,1,1,1,3,4,2,3,3,1,4,1,2,1,2,1,1,2,2,1,1,2,1,1,2,1,2,1,2,2,3,2,2,2,2,1,2,2,1,1,3,2,2,2,2,2,2,3,1,2,1,1,1,1,1,2,1,1,1,1,1,2,1,1,1,1,1,1,1,1,1,1,1,1,07 to 10.5 mo,103,10,24,14,19,18,16,12,10
360046,SM,4,Male,High school graduate (including GED),Hispanic,west,2,2,2,2,2,3,4,2,2,2,3,3,2,3,3,1,1,1,3,3,1,1,1,1,1,1,1,2,1,1,1,1,1,1,2,1,2,1,2,1,1,1,1,1,1,1,1,1,1,1,1,2,2,2,1,1,1,1,1,1,1,2,2,1,2,2,2,2,1,1,2,3,2,4,4,1,4,4,3,3,03.5 to 6 mo,86,23,23,11,13,10,13,16,30
360051,SM,7,Female,High school graduate (including GED),Hispanic,west,1,1,1,2,2,1,1,2,1,1,3,3,2,1,4,1,1,1,2,1,1,1,1,2,2,1,1,2,1,1,1,1,1,2,2,2,3,2,2,1,1,1,1,1,1,1,1,1,1,1,1,4,1,2,1,2,1,1,1,1,1,3,2,2,1,2,2,1,1,1,1,1,1,4,1,1,1,2,3,3,07 to 10.5 mo,90,13,19,13,17,10,15,16,18
360052,SM,7,Male,Some college or associate degree,Hispanic,west,1,1,1,1,1,2,2,2,1,3,1,2,1,3,3,1,2,1,3,2,1,2,2,1,1,1,1,3,1,1,1,1,1,2,2,2,2,1,2,1,1,1,1,1,1,1,3,1,2,1,1,4,1,2,1,2,1,1,2,1,1,1,1,1,1,1,2,2,2,2,2,1,1,4,2,2,2,3,2,2,07 to 10.5 mo,91,15,19,14,15,13,16,14,21
360061,SM,4,Female,Did not complete high school (no diploma),Hispanic,west,2,2,2,1,1,2,3,1,1,2,3,4,2,2,3,1,3,2,2,2,1,1,2,1,2,1,1,3,1,1,3,2,1,2,1,1,3,1,1,2,2,1,1,1,1,1,1,1,1,1,2,1,1,2,1,1,1,1,1,1,1,1,1,1,1,2,2,1,1,1,2,1,1,3,1,1,4,4,3,1,03.5 to 6 mo,90,17,24,14,17,11,12,12,21
360064,SM,5,Female,High school graduate (including GED),Hispanic,west,2,3,2,2,1,1,1,2,1,1,2,2,1,3,3,1,1,2,2,2,1,1,2,1,2,1,2,2,2,1,2,1,1,1,2,2,2,2,1,2,1,2,1,1,1,2,2,2,2,2,2,2,2,1,1,2,1,1,1,1,1,1,2,1,1,1,2,2,1,1,1,1,1,2,2,2,2,1,1,2,03.5 to 6 mo,93,16,19,15,16,16,14,13,15
360067,SM,4,Male,High school graduate (including GED),Hispanic,west,2,2,2,2,2,3,3,3,2,4,2,2,1,2,2,1,1,1,2,1,1,1,2,1,2,1,1,2,2,1,2,1,1,2,2,2,2,1,2,1,1,1,1,1,1,1,1,1,1,1,1,2,2,2,1,1,1,1,1,1,1,3,2,2,2,2,2,4,1,2,1,2,1,1,1,1,1,1,1,1,03.5 to 6 mo,89,25,15,14,16,10,13,21,11
360076,SM,5,Female,High school graduate (including GED),Hispanic,west,2,2,2,2,2,3,3,3,2,3,2,3,1,2,2,2,2,1,2,1,1,1,2,1,2,2,2,2,2,1,1,1,1,2,2,2,2,1,2,1,1,1,1,1,1,1,1,1,2,1,1,2,1,1,1,1,1,1,1,1,1,2,2,1,2,2,2,1,1,1,1,1,1,3,1,1,1,1,2,1,03.5 to 6 mo,86,24,18,16,15,11,11,15,13
360084,SM,6,Female,Some college or associate degree,Hispanic,west,2,2,4,2,3,3,4,3,2,4,2,2,1,2,3,1,2,2,3,1,1,2,3,2,2,1,2,2,1,1,1,1,1,1,2,1,2,1,1,1,1,1,1,1,1,1,1,1,1,1,1,2,1,2,1,1,1,1,1,1,2,2,1,2,2,2,2,1,1,3,3,2,2,4,4,3,4,4,4,3,03.5 to 6 mo,88,29,19,17,12,10,12,18,33
361021,SM,8,Female,Some college or associate degree,Hispanic,west,1,1,1,1,1,2,2,2,1,1,2,1,1,2,2,1,2,1,3,1,1,1,1,3,2,2,2,3,1,1,1,1,1,1,2,2,4,1,1,1,1,1,1,1,1,1,1,1,1,1,2,2,1,2,1,1,1,3,2,1,3,2,2,1,1,2,1,1,1,1,2,1,1,2,2,1,1,1,1,1,07 to 10.5 mo,89,13,16,17,15,10,16,15,13
361047,SM,5,Male,Some college or associate degree,Hispanic,west,1,1,1,1,1,1,2,1,1,1,1,2,1,2,3,1,2,1,2,1,1,1,1,1,2,1,1,2,1,1,1,1,1,2,1,1,4,1,1,1,1,1,1,1,1,1,1,1,1,1,2,3,2,3,1,1,1,1,1,1,1,2,1,1,2,3,2,4,1,1,1,1,1,1,1,1,1,1,1,1,03.5 to 6 mo,86,11,16,12,14,10,16,18,10
361051,SM,8,Male,Some college or associate degree,Hispanic,west,2,2,2,2,2,3,2,2,2,1,2,1,1,1,2,1,1,1,1,1,1,1,3,1,1,2,1,2,2,1,1,1,1,1,3,1,1,1,1,1,1,1,1,1,1,1,2,1,1,1,1,1,1,1,1,1,1,1,1,1,1,2,1,2,1,1,1,1,2,1,1,1,1,4,2,1,1,2,3,1,07 to 10.5 mo,73,20,12,15,12,11,10,13,17
362004,SM,7,Female,Some college or associate degree,Hispanic,south,1,1,1,1,1,2,3,1,1,1,4,4,1,2,4,1,1,1,3,1,1,1,1,1,1,1,1,2,1,1,1,1,1,2,2,1,2,1,1,1,1,1,1,1,1,1,1,1,1,1,1,1,1,2,1,1,1,1,1,1,1,1,1,1,1,1,1,1,1,1,1,1,1,1,1,1,1,1,1,1,07 to 10.5 mo,77,13,22,11,13,10,11,10,10
362007,SM,9,Male,Some college or associate degree,Hispanic,northeast,3,2,3,3,2,3,3,3,3,4,2,2,1,2,2,1,2,1,2,2,2,2,1,3,2,3,3,2,1,2,2,2,1,2,2,2,2,2,2,2,2,2,2,2,3,2,1,2,2,3,2,2,2,1,1,2,3,3,2,2,2,1,2,2,2,3,2,1,2,3,2,3,1,2,1,1,2,1,2,2,07 to 10.5 mo,118,29,17,21,19,21,20,20,17
362063,SM,9,Male,High school graduate (including GED),Hispanic,midwest,1,1,2,2,1,1,3,2,1,1,3,4,1,3,3,1,2,1,4,2,2,1,1,1,1,1,1,3,1,1,1,1,1,2,2,2,4,1,1,1,1,1,1,1,1,1,2,1,1,1,1,2,1,2,1,2,1,1,1,1,1,2,2,1,2,2,2,1,1,1,2,2,1,4,1,1,2,2,1,3,07 to 10.5 mo,92,15,24,13,16,11,13,15,19
362072,SM,5,Male,Bachelor's degree or higher,Hispanic,south,1,1,1,1,1,2,1,1,1,1,2,3,4,3,3,3,3,2,2,1,2,2,2,2,2,2,1,2,2,1,3,2,1,1,1,1,1,2,2,2,2,3,2,2,2,2,1,2,2,2,3,3,2,2,2,2,2,2,2,1,1,1,1,1,1,2,2,3,3,3,2,2,1,1,1,1,1,1,1,1,03.5 to 6 mo,119,11,26,18,16,20,21,18,12
362073,SM,9,Female,High school graduate (including GED),Hispanic,south,1,1,1,2,1,2,1,2,1,1,3,2,2,2,4,1,1,1,3,1,1,1,1,1,1,2,1,4,1,2,1,1,1,1,3,3,2,1,2,1,1,1,1,1,1,1,4,1,1,1,1,3,1,1,1,2,1,3,1,1,3,1,1,2,2,2,2,1,1,1,1,1,1,4,1,1,2,1,1,1,07 to 10.5 mo,95,13,20,15,16,13,15,16,14
382001,SM,6,Female,Did not complete high school (no diploma),Black,south,2,3,1,1,1,3,3,2,1,1,4,2,1,1,2,1,1,2,4,2,1,1,1,2,1,3,1,2,1,1,1,1,1,1,2,1,1,1,1,2,1,1,1,1,1,1,1,1,1,1,1,2,1,2,1,1,1,1,1,1,1,3,1,2,1,1,1,4,1,1,1,1,1,4,1,1,1,4,4,1,03.5 to 6 mo,84,18,20,14,12,10,12,16,19
382002,SM,7,Male,High school graduate (including GED),Black,south,1,3,1,1,1,3,3,3,2,1,3,4,1,3,4,1,1,1,4,2,1,2,1,2,1,2,1,1,1,1,1,1,1,1,2,1,1,1,1,1,1,1,1,1,1,1,2,1,1,1,1,1,1,2,1,1,1,1,1,1,1,1,1,2,1,3,2,2,1,1,2,1,1,4,1,1,2,4,4,3,07 to 10.5 mo,85,19,24,13,11,11,11,15,23
382003,SM,8,Female,Some college or associate degree,Black,south,1,2,1,1,1,3,2,2,2,2,3,3,1,2,2,1,1,1,4,1,1,1,1,3,2,2,1,2,1,1,1,1,1,2,2,1,2,1,2,2,1,1,2,1,1,1,3,1,1,1,1,3,1,2,1,1,1,2,1,1,1,3,1,1,2,3,3,1,1,2,1,1,1,3,1,1,2,2,2,2,07 to 10.5 mo,94,17,19,15,15,13,14,18,16
382003,SM,9,Female,Some college or associate degree,Black,south,2,2,1,2,1,3,2,2,1,1,3,3,3,3,3,2,1,3,2,2,2,1,1,2,2,2,2,4,1,1,3,1,1,2,3,1,1,1,1,1,1,1,1,1,1,1,2,1,1,1,1,2,2,2,1,1,1,1,1,1,1,3,1,3,2,3,3,4,1,2,1,1,1,3,2,1,2,2,2,2,07 to 10.5 mo,105,17,25,18,15,11,13,23,17
