IDNumber,data,DriveForm,q0133,q0134,q0135,q0136,q0137,q0138,q0139,q0140,q0141,q0142,q0143,q0144,q0145,q0146,q0147,q0148,q0149,q0150,TOT_raw
119107,Eng,AdultOther,1,1,1,1,1,1,1,1,1,1,1,1,1,1,1,2,2,1,20
141007,Eng,AdultOther,1,2,1,2,1,1,1,1,1,1,2,1,1,1,1,2,2,1,23
141008,Eng,AdultOther,2,2,2,2,1,1,2,2,1,1,1,1,2,1,1,1,2,2,27
141009,Eng,AdultOther,1,1,1,2,1,1,1,2,1,1,1,1,1,1,1,1,1,1,20
141010,Eng,AdultOther,2,1,1,1,1,1,1,2,1,1,1,1,1,1,1,1,1,1,20
141011,Eng,AdultOther,2,2,1,1,3,2,1,3,1,1,2,2,2,3,2,2,3,2,35
141012,Eng,AdultOther,1,1,1,1,1,1,1,1,1,1,1,1,1,1,1,1,1,1,18
141013,Eng,AdultOther,2,2,1,2,1,1,1,1,1,1,1,1,1,1,1,2,3,2,25
141014,Eng,AdultOther,2,3,2,2,2,1,2,2,1,2,2,2,1,2,1,2,2,2,33
141015,Eng,AdultOther,1,2,1,1,1,1,1,2,1,1,1,1,1,1,1,1,3,2,23
141017,Eng,AdultOther,2,2,1,2,1,2,1,1,1,1,1,1,3,1,1,1,2,2,26
141019,Eng,AdultOther,1,2,1,1,1,1,1,2,1,1,1,1,1,1,1,1,4,1,23
141022,Eng,AdultOther,2,1,2,2,2,2,1,2,1,1,1,1,1,1,1,1,2,1,25
141023,Eng,AdultOther,2,1,1,1,1,1,1,1,1,1,1,1,1,1,1,2,1,1,20
141024,Eng,AdultOther,2,2,1,1,2,1,1,1,1,1,1,1,1,1,1,1,1,1,21
141025,Eng,AdultOther,2,2,1,2,2,1,1,2,1,1,2,2,1,1,1,1,2,1,26
141027,Eng,AdultOther,2,2,1,1,2,3,1,1,1,1,1,1,1,1,1,1,2,2,25
141028,Eng,AdultOther,1,1,1,1,1,1,1,2,1,1,1,2,1,1,1,1,2,1,21
141029,Eng,AdultOther,3,2,1,1,2,1,2,2,1,1,2,2,1,1,1,2,4,2,31
141030,Eng,AdultOther,1,1,1,1,1,1,1,1,1,1,1,1,1,1,1,1,1,1,18
141031,Eng,AdultOther,2,1,1,2,1,1,2,2,1,1,1,1,1,1,1,1,2,1,23
141032,Eng,AdultOther,1,1,1,1,1,1,1,1,1,1,1,1,1,1,1,1,1,1,18
141033,Eng,AdultOther,2,1,1,1,1,2,1,1,1,1,1,1,1,1,1,1,1,1,20
141061,Eng,AdultOther,1,1,1,1,1,1,1,1,1,1,1,1,1,1,1,1,1,1,18
141062,Eng,AdultOther,2,2,1,2,2,2,1,2,1,1,1,1,1,2,2,2,2,2,29
141109,Eng,AdultOther,1,2,1,1,2,2,1,1,1,1,1,1,1,1,1,2,3,1,24
141110,Eng,AdultOther,1,1,1,1,1,1,1,1,1,1,1,1,1,1,1,1,1,1,18
141111,Eng,AdultOther,2,2,2,2,2,1,2,2,1,2,2,1,1,1,1,1,3,2,30
141112,Eng,AdultOther,1,1,1,1,1,1,1,1,1,1,1,1,1,1,1,1,1,1,18
141113,Eng,AdultOther,3,3,3,2,3,2,2,3,2,2,2,2,1,1,1,2,4,2,40
141114,Eng,AdultOther,1,1,1,1,1,1,1,1,1,1,1,1,1,1,1,1,1,1,18
141115,Eng,AdultOther,1,1,1,1,1,1,1,1,1,1,1,1,1,1,1,1,2,1,19
141116,Eng,AdultOther,1,1,1,1,1,1,1,1,1,1,1,1,1,1,1,1,1,1,18
141117,Eng,AdultOther,1,1,1,1,1,1,1,1,1,1,1,1,3,1,1,1,3,1,22
141118,Eng,AdultOther,1,1,1,2,1,1,1,1,1,1,1,1,1,1,1,2,1,1,20
141122,Eng,AdultOther,1,1,1,1,1,1,1,2,1,2,1,1,2,1,1,1,1,1,21
141182,Eng,AdultOther,1,1,1,1,1,1,1,1,1,1,1,1,1,1,1,1,1,1,18
141183,Eng,AdultOther,2,2,1,2,2,1,1,2,2,1,2,1,1,1,1,1,3,2,28
141191,Eng,AdultOther,2,1,1,1,2,1,1,1,1,1,1,1,1,1,1,1,1,2,21
141195,Eng,AdultOther,2,2,1,1,1,2,2,2,1,1,1,2,1,1,1,2,2,1,26
141196,Eng,AdultOther,2,2,1,2,1,1,2,2,1,1,1,1,1,1,1,1,2,1,24
141197,Eng,AdultOther,1,1,1,1,2,2,1,1,1,1,1,1,1,1,1,1,2,1,21
141198,Eng,AdultOther,1,1,1,1,1,1,1,1,1,1,1,1,1,1,1,1,2,1,19
141200,Eng,AdultOther,1,2,1,1,1,1,1,1,1,1,1,1,1,1,1,1,1,1,19
141201,Eng,AdultOther,2,2,1,2,2,1,1,1,1,1,1,2,1,1,1,1,3,2,26
141202,Eng,AdultOther,1,1,1,1,1,1,1,1,1,1,1,1,1,1,1,1,2,1,19
141203,Eng,AdultOther,2,1,1,1,1,1,1,1,1,1,1,1,1,1,1,1,2,2,21
141204,Eng,AdultOther,1,1,1,1,1,1,1,1,1,1,1,1,1,1,1,1,2,1,19
141205,Eng,AdultOther,1,2,1,1,1,1,1,1,1,1,1,1,1,1,1,1,1,1,19
141206,Eng,AdultOther,1,1,2,1,2,1,1,2,1,1,2,1,1,1,1,2,2,2,25
141207,Eng,AdultOther,1,1,1,1,1,1,1,1,1,1,1,1,1,1,1,1,1,1,18
141208,Eng,AdultOther,2,1,1,1,1,1,1,1,1,2,1,1,1,2,1,2,1,1,22
141209,Eng,AdultOther,2,3,3,3,2,2,1,2,1,1,2,2,1,2,1,3,3,2,36
141210,Eng,AdultOther,1,2,1,2,1,1,1,1,1,1,1,1,1,1,1,1,1,1,20
141211,Eng,AdultOther,1,1,1,1,1,1,1,2,1,1,1,1,1,1,1,1,1,1,19
141212,Eng,AdultOther,2,2,2,2,2,1,1,1,1,1,1,1,1,1,1,1,4,1,26
141213,Eng,AdultOther,1,1,1,1,1,1,1,1,1,1,1,1,1,1,1,1,1,1,18
141214,Eng,AdultOther,2,2,1,1,1,1,1,2,1,1,1,1,1,1,1,1,1,1,21
141215,Eng,AdultOther,1,1,1,1,1,1,1,1,1,1,1,1,1,1,1,1,3,1,20
141216,Eng,AdultOther,1,1,1,1,1,1,1,1,1,1,1,1,1,1,1,1,1,1,18
143001,Eng,AdultOther,1,1,1,1,1,1,1,1,1,1,1,1,1,1,1,1,2,1,19
143002,Eng,AdultOther,1,1,1,1,1,1,1,1,1,1,1,1,1,1,1,1,1,1,18
143006,Eng,AdultOther,1,1,1,1,1,1,1,1,1,1,1,1,1,1,1,1,2,1,19
143007,Eng,AdultOther,2,1,1,1,2,1,1,2,1,1,1,1,1,1,1,2,2,1,23
143008,Eng,AdultOther,2,1,1,1,2,2,1,3,1,1,1,2,1,1,1,1,2,2,26
143009,Eng,AdultOther,1,1,1,1,1,1,1,1,1,1,1,1,1,1,1,1,1,1,18
143027,Eng,AdultOther,1,1,1,1,1,1,1,1,1,1,1,1,1,1,1,1,2,1,19
143028,Eng,AdultOther,1,1,1,1,1,1,1,1,1,1,1,1,1,1,1,1,2,1,19
143029,Eng,AdultOther,1,1,1,1,1,1,1,1,1,1,1,1,1,1,1,1,1,1,18
144007,Eng,AdultOther,2,1,1,1,1,1,1,2,1,1,2,1,1,1,1,1,1,1,21
144008,Eng,AdultOther,1,1,1,1,1,1,1,1,1,1,1,1,1,1,1,1,2,1,19
144009,Eng,AdultOther,1,1,1,1,1,1,1,1,1,1,1,1,1,1,1,1,1,1,18
144010,Eng,AdultOther,1,1,1,1,1,1,1,2,1,1,1,1,1,1,1,1,2,2,21
144011,Eng,AdultOther,1,1,1,1,1,1,1,1,1,1,1,1,1,1,1,1,1,1,18
144012,Eng,AdultOther,1,1,1,1,1,1,1,1,1,1,1,1,1,1,2,1,1,1,19
144014,Eng,AdultOther,1,1,1,1,1,1,1,1,1,1,1,1,1,1,1,1,1,1,18
144016,Eng,AdultOther,1,1,1,1,1,1,1,1,1,1,1,1,1,1,1,1,1,1,18
144017,Eng,AdultOther,1,1,1,2,2,1,1,2,1,1,1,1,1,1,1,1,2,1,22
144021,Eng,AdultOther,1,1,1,1,1,1,1,2,1,1,1,1,1,1,1,1,1,1,19
144022,Eng,AdultOther,1,1,1,1,1,1,1,1,1,1,1,1,1,1,1,1,2,1,19
144023,Eng,AdultOther,1,1,1,1,1,1,1,1,1,1,1,1,1,1,1,2,1,1,19
144024,Eng,AdultOther,1,1,1,1,1,1,1,1,1,1,1,1,1,1,1,1,1,1,18
144025,Eng,AdultOther,1,1,1,1,1,1,1,1,1,1,1,1,1,1,1,1,1,1,18
144035,Eng,AdultOther,1,1,1,1,1,1,1,1,1,1,1,1,1,1,1,1,1,1,18
144036,Eng,AdultOther,2,2,1,1,2,3,1,2,1,1,1,1,1,1,1,2,4,3,30
144037,Eng,AdultOther,1,1,1,1,1,1,1,1,1,1,1,1,1,1,1,1,1,1,18
144044,Eng,AdultOther,1,1,1,1,1,1,1,1,1,1,1,1,1,1,1,1,1,1,18
144045,Eng,AdultOther,1,1,1,1,1,1,1,1,1,1,1,1,1,1,1,1,1,1,18
144048,Eng,AdultOther,1,1,1,1,1,1,1,1,1,1,1,1,1,1,1,1,1,1,18
144049,Eng,AdultOther,2,3,1,2,3,1,1,2,1,1,2,2,1,1,1,1,4,3,32
144050,Eng,AdultOther,1,1,1,1,1,1,1,1,1,1,1,1,1,1,1,1,1,1,18
144051,Eng,AdultOther,1,1,1,1,1,1,1,1,1,1,1,1,1,1,1,1,1,1,18
144052,Eng,AdultOther,1,1,1,1,1,1,1,1,1,1,1,1,1,1,1,1,1,1,18
144053,Eng,AdultOther,1,1,1,1,1,1,1,1,1,1,1,1,1,1,1,1,1,1,18
144054,Eng,AdultOther,1,1,1,1,1,1,1,1,1,1,1,1,1,1,1,1,1,1,18
144055,Eng,AdultOther,1,2,1,2,2,1,1,1,1,2,1,2,1,1,1,3,2,1,26
144056,Eng,AdultOther,2,2,1,1,2,2,1,2,1,1,1,1,1,1,1,2,2,1,25
144057,Eng,AdultOther,1,1,1,1,1,1,1,1,1,1,1,1,1,1,1,1,1,1,18
144059,Eng,AdultOther,1,1,1,1,1,1,1,1,1,1,1,1,1,1,1,1,1,1,18
144060,Eng,AdultOther,1,1,1,1,1,1,1,2,1,1,1,1,1,1,1,2,1,1,20
169001,Eng,AdultOther,1,1,1,1,1,1,1,1,1,1,1,1,1,1,1,1,1,1,18
169002,Eng,AdultOther,1,1,1,1,1,1,1,1,1,1,1,1,1,1,1,1,1,1,18
169003,Eng,AdultOther,1,1,1,1,1,1,1,1,1,1,1,1,1,1,1,1,1,1,18
169004,Eng,AdultOther,1,1,1,1,1,1,1,1,1,1,1,1,1,1,1,1,1,1,18
169006,Eng,AdultOther,1,1,1,1,1,1,1,1,1,1,1,1,1,1,1,1,1,1,18
169007,Eng,AdultOther,2,1,1,1,2,1,1,1,1,1,1,1,1,1,1,1,1,1,20
169008,Eng,AdultOther,1,2,1,1,1,1,1,1,1,1,1,1,1,1,1,1,1,1,19
169009,Eng,AdultOther,1,1,1,1,1,1,1,1,1,1,1,1,1,1,1,1,2,1,19
169010,Eng,AdultOther,2,1,1,1,1,1,2,2,1,1,1,1,1,1,1,1,3,1,23
169011,Eng,AdultOther,2,1,1,1,1,1,1,2,1,1,1,1,1,1,1,1,2,1,21
169012,Eng,AdultOther,1,1,1,2,1,4,1,1,1,2,1,1,1,1,1,1,3,1,25
169014,Eng,AdultOther,1,1,1,1,1,1,1,1,1,1,1,1,1,1,1,1,1,1,18
169015,Eng,AdultOther,1,2,1,1,2,1,1,1,1,1,1,1,1,1,1,1,2,2,22
169016,Eng,AdultOther,1,2,2,1,1,2,1,2,1,1,1,2,1,1,1,1,2,2,25
169018,Eng,AdultOther,1,1,1,1,1,1,1,1,1,1,1,1,1,1,1,1,2,1,19
169020,Eng,AdultOther,1,1,1,1,1,1,1,1,1,1,1,1,1,1,1,1,1,1,18
169021,Eng,AdultOther,1,2,1,1,1,1,1,1,1,1,1,1,1,1,1,1,1,1,19
169022,Eng,AdultOther,2,1,1,2,2,2,1,1,1,2,1,1,1,1,1,2,3,2,27
169023,Eng,AdultOther,2,2,2,1,2,1,2,2,1,1,2,1,1,1,1,1,2,1,26
169024,Eng,AdultOther,1,1,1,1,1,1,1,1,1,1,1,1,2,1,1,2,2,1,21
169025,Eng,AdultOther,2,2,1,2,2,2,2,2,1,1,1,1,1,1,1,2,2,2,28
169050,Eng,AdultOther,1,2,1,2,1,1,1,1,1,1,2,1,1,1,1,2,2,1,23
171001,Eng,AdultOther,1,1,1,1,1,1,1,1,1,1,1,1,1,1,1,1,3,1,20
171002,Eng,AdultOther,2,2,3,2,1,1,2,2,1,4,1,1,1,1,1,1,4,2,32
171004,Eng,AdultOther,1,1,1,1,1,1,1,1,1,1,1,1,1,1,1,1,1,1,18
171008,Eng,AdultOther,1,1,1,1,1,1,1,1,1,1,1,1,1,1,1,1,2,1,19
171009,Eng,AdultOther,2,2,2,2,2,2,3,2,1,1,1,1,1,1,1,1,1,1,27
171010,Eng,AdultOther,1,1,1,1,1,1,1,1,1,1,1,1,1,1,1,1,1,1,18
171011,Eng,AdultOther,1,1,1,1,1,1,1,1,1,1,1,1,1,1,1,1,1,1,18
171014,Eng,AdultOther,1,1,1,1,1,2,1,1,1,1,1,1,1,1,1,1,1,1,19
171015,Eng,AdultOther,2,1,2,1,1,1,1,1,1,1,1,2,1,1,1,1,2,2,23
171016,Eng,AdultOther,1,1,1,1,1,1,1,1,1,1,1,1,1,1,1,1,1,1,18
171017,Eng,AdultOther,1,2,2,1,1,1,1,2,1,1,1,1,2,1,1,1,1,1,22
176001,Eng,AdultOther,2,1,2,1,2,2,1,1,1,2,2,3,1,2,1,2,2,1,29
176002,Eng,AdultOther,1,1,1,1,1,1,1,1,1,1,1,1,1,1,1,1,1,1,18
176004,Eng,AdultOther,1,1,1,1,1,1,1,1,1,1,1,1,1,1,1,1,1,1,18
176005,Eng,AdultOther,2,1,1,1,1,2,1,1,1,1,1,1,1,1,1,1,1,1,20
176006,Eng,AdultOther,1,1,1,1,1,1,1,1,1,1,1,1,1,1,1,1,2,1,19
176007,Eng,AdultOther,1,1,1,1,1,1,1,1,1,1,1,1,1,2,1,1,4,2,23
176008,Eng,AdultOther,1,1,1,1,1,1,1,2,1,1,1,1,1,1,1,1,1,2,20
176010,Eng,AdultOther,1,1,1,1,1,1,1,1,1,1,1,1,1,1,1,1,1,1,18
176014,Eng,AdultOther,1,1,1,1,1,1,1,1,1,1,1,1,1,1,1,1,1,1,18
176015,Eng,AdultOther,1,1,1,1,1,1,1,1,1,1,1,1,3,1,1,1,1,1,20
176018,Eng,AdultOther,2,2,1,1,2,2,1,2,1,1,1,1,1,1,1,2,2,1,25
176019,Eng,AdultOther,2,1,1,1,2,1,1,1,1,1,1,1,1,1,1,1,1,1,20
176020,Eng,AdultOther,1,1,1,1,1,1,1,1,1,1,1,1,1,1,1,1,1,1,18
176021,Eng,AdultOther,1,2,1,1,1,2,1,1,2,1,1,1,1,1,1,1,2,1,22
176022,Eng,AdultOther,2,1,1,2,2,1,1,1,1,1,1,1,1,1,1,2,2,2,24
176023,Eng,AdultOther,1,1,1,1,1,1,2,1,1,1,1,1,1,1,1,1,1,1,19
176025,Eng,AdultOther,2,1,1,2,1,1,1,2,1,1,1,2,1,1,1,1,1,1,22
176028,Eng,AdultOther,1,1,1,1,1,1,1,1,1,1,1,1,1,1,1,1,1,1,18
176031,Eng,AdultOther,1,1,1,1,1,1,1,1,1,2,1,2,2,2,1,2,3,1,25
176034,Eng,AdultOther,1,1,1,1,1,1,1,2,1,1,1,1,1,1,1,1,1,1,19
176035,Eng,AdultOther,1,1,1,1,2,1,1,2,1,1,1,1,1,1,1,1,2,1,21
176036,Eng,AdultOther,1,1,2,1,1,1,1,1,1,1,1,1,1,1,1,1,2,1,20
176037,Eng,AdultOther,2,2,1,1,1,2,1,2,1,1,1,2,1,1,1,2,3,2,27
176038,Eng,AdultOther,1,1,1,1,2,2,2,1,1,1,1,1,1,1,1,1,1,1,21
176039,Eng,AdultOther,1,1,1,1,1,1,1,1,1,1,1,1,1,1,1,1,2,1,19
176040,Eng,AdultOther,1,1,1,1,1,1,1,1,1,1,1,1,1,1,1,1,3,2,21
176041,Eng,AdultOther,2,2,2,1,1,1,1,2,1,1,2,1,1,1,1,1,2,3,26
176042,Eng,AdultOther,1,1,1,1,1,2,1,2,1,1,1,1,1,1,1,1,1,1,20
176045,Eng,AdultOther,1,1,1,1,1,1,1,1,1,1,1,1,1,1,1,2,2,1,20
178001,Eng,AdultOther,1,1,1,1,2,1,1,1,1,1,1,1,1,1,1,1,1,1,19
178002,Eng,AdultOther,1,1,1,1,1,1,1,1,1,1,1,1,1,1,1,1,1,1,18
178003,Eng,AdultOther,1,1,1,1,1,1,1,1,1,1,1,1,1,1,1,1,2,1,19
178004,Eng,AdultOther,1,1,1,1,1,1,1,1,1,1,1,1,1,1,1,1,1,1,18
178005,Eng,AdultOther,1,1,1,1,1,1,1,1,1,1,1,1,1,1,1,1,2,1,19
178006,Eng,AdultOther,1,1,1,1,1,1,1,1,1,1,1,1,1,1,1,1,1,1,18
178007,Eng,AdultOther,1,1,1,1,1,1,1,1,1,1,1,1,1,1,1,1,1,1,18
178009,Eng,AdultOther,1,1,1,1,1,1,1,1,1,1,1,1,1,1,1,1,1,1,18
178010,Eng,AdultOther,1,1,1,1,1,1,1,1,1,1,1,1,1,1,1,1,2,1,19
178012,Eng,AdultOther,1,1,1,1,1,1,1,1,1,1,1,1,1,1,1,1,1,1,18
178047,Eng,AdultOther,1,1,1,1,1,1,1,1,1,1,1,1,1,1,1,1,1,1,18
178048,Eng,AdultOther,1,1,1,1,1,1,1,1,1,1,1,1,1,1,2,1,2,1,20
178049,Eng,AdultOther,1,1,1,1,1,1,1,1,1,1,1,1,1,1,1,1,1,1,18
178050,Eng,AdultOther,1,1,1,1,1,3,1,1,1,1,1,1,1,1,1,1,1,1,20
178052,Eng,AdultOther,1,1,1,2,2,1,1,1,1,2,2,2,1,1,1,2,2,2,26
178053,Eng,AdultOther,1,1,1,1,1,1,1,1,1,1,1,1,1,1,1,1,2,1,19
178054,Eng,AdultOther,2,1,1,1,1,1,1,1,1,1,2,1,2,1,1,1,4,1,24
178055,Eng,AdultOther,1,1,1,1,1,1,1,1,1,1,1,1,1,1,1,1,1,1,18
178056,Eng,AdultOther,2,2,1,1,2,1,1,2,1,1,1,1,3,1,1,1,4,1,27
178057,Eng,AdultOther,1,1,1,1,2,1,1,2,1,1,1,2,1,1,1,1,1,1,21
178058,Eng,AdultOther,2,1,1,1,1,1,1,1,1,1,1,1,1,1,1,2,2,1,21
178059,Eng,AdultOther,1,1,1,1,1,1,1,2,1,1,1,1,1,1,1,1,1,1,19
178060,Eng,AdultOther,1,1,1,1,1,1,1,1,1,1,1,1,1,1,1,1,1,1,18
178061,Eng,AdultOther,1,1,1,1,1,2,1,1,1,1,1,1,1,1,1,1,1,1,19
178062,Eng,AdultOther,1,2,1,1,1,1,1,1,1,1,1,1,1,1,1,1,1,1,19
178063,Eng,AdultOther,1,1,1,1,1,1,1,1,1,1,1,1,1,1,1,1,1,1,18
178064,Eng,AdultOther,2,2,2,2,3,1,1,1,1,1,1,1,1,1,1,2,1,1,25
178065,Eng,AdultOther,2,1,1,1,2,1,1,2,1,1,1,2,1,1,1,1,3,1,24
178066,Eng,AdultOther,1,2,1,1,1,1,1,2,1,1,1,1,1,1,1,1,2,2,22
178070,Eng,AdultOther,1,1,1,1,1,1,1,1,1,1,1,1,1,1,1,1,1,1,18
178071,Eng,AdultOther,2,1,1,2,1,1,2,2,1,1,1,1,1,1,2,1,2,1,24
189077,Eng,AdultOther,1,1,1,1,1,1,1,1,1,1,1,1,1,1,1,1,2,1,19
189079,Eng,AdultOther,1,1,1,1,1,1,1,1,1,1,1,1,3,1,1,1,3,2,23
189080,Eng,AdultOther,1,2,1,1,1,1,1,1,1,1,1,1,1,1,1,2,2,1,21
189081,Eng,AdultOther,1,1,1,1,1,1,1,1,1,1,1,1,1,1,1,1,1,1,18
189082,Eng,AdultOther,1,1,1,1,1,1,1,1,1,1,1,1,1,1,1,1,1,1,18
189083,Eng,AdultOther,2,2,1,1,3,1,1,1,1,1,1,1,1,1,1,1,1,1,22
189084,Eng,AdultOther,2,2,1,1,2,1,1,1,1,1,2,1,1,1,1,1,2,1,23
189085,Eng,AdultOther,1,1,1,1,1,1,1,1,1,1,1,1,1,1,2,1,2,1,20
189086,Eng,AdultOther,2,2,1,1,2,2,1,2,1,1,2,2,1,1,1,1,3,2,28
189087,Eng,AdultOther,1,1,1,1,1,1,1,1,1,1,1,1,1,1,1,1,1,1,18
189089,Eng,AdultOther,1,1,1,1,1,1,1,1,1,1,1,1,1,1,1,1,1,1,18
189090,Eng,AdultOther,1,1,1,1,1,1,1,1,1,1,1,1,1,1,1,3,3,2,23
189091,Eng,AdultOther,1,2,1,1,1,1,1,1,1,1,1,1,1,1,1,1,1,1,19
189092,Eng,AdultOther,1,1,1,1,1,1,1,1,1,1,1,1,1,1,1,1,1,1,18
189093,Eng,AdultOther,1,1,1,1,1,2,1,1,1,1,1,1,1,1,1,1,1,1,19
189096,Eng,AdultOther,1,1,1,1,1,1,1,1,1,1,1,1,1,1,1,2,2,1,20
189097,Eng,AdultOther,1,1,1,1,1,1,1,2,1,1,1,1,1,1,1,1,1,1,19
189098,Eng,AdultOther,1,1,1,1,1,1,1,1,1,1,1,1,1,1,1,1,2,1,19
189099,Eng,AdultOther,1,1,1,1,1,2,1,1,1,1,1,1,1,1,1,1,2,1,20
189101,Eng,AdultOther,1,2,1,1,1,1,1,1,1,1,1,1,1,1,1,1,1,1,19
190001,Eng,AdultOther,1,1,1,1,1,1,1,1,1,1,1,1,1,1,1,1,1,1,18
190002,Eng,AdultOther,1,1,1,1,1,1,1,2,1,1,1,1,1,1,1,1,1,1,19
190003,Eng,AdultOther,1,1,2,1,2,1,2,1,1,1,1,2,1,1,1,1,2,1,23
190004,Eng,AdultOther,1,2,1,1,1,1,2,2,1,1,1,1,1,1,1,1,2,1,22
190005,Eng,AdultOther,1,1,1,1,1,1,1,2,1,1,3,1,1,1,1,2,1,2,23
190006,Eng,AdultOther,3,2,1,2,4,3,1,2,1,1,2,1,1,3,1,2,3,4,37
190007,Eng,AdultOther,1,1,1,1,1,1,1,1,1,1,1,1,1,1,1,1,1,1,18
190008,Eng,AdultOther,1,1,1,1,2,1,1,1,1,1,1,1,1,1,1,1,1,1,19
190009,Eng,AdultOther,1,1,1,1,1,1,1,1,1,1,1,1,1,1,1,1,1,1,18
190010,Eng,AdultOther,1,1,1,1,1,1,1,1,1,1,1,1,1,1,1,1,1,1,18
190011,Eng,AdultOther,1,1,1,1,1,1,1,1,1,1,1,1,1,1,1,1,1,1,18
190012,Eng,AdultOther,1,1,1,1,1,1,1,2,1,1,1,1,1,1,1,1,2,1,20
190014,Eng,AdultOther,1,1,1,1,1,1,1,1,1,1,1,1,1,1,1,1,2,1,19
190015,Eng,AdultOther,1,1,1,1,1,1,1,1,1,1,1,1,1,1,1,1,2,1,19
190016,Eng,AdultOther,1,1,1,1,1,1,1,1,1,1,1,1,2,1,1,1,2,2,21
190017,Eng,AdultOther,2,2,1,1,2,1,2,2,1,1,1,1,1,1,1,1,1,1,23
190018,Eng,AdultOther,1,1,1,1,1,1,1,1,1,1,1,1,1,1,1,1,2,1,19
190022,Eng,AdultOther,1,1,2,1,1,1,1,1,1,1,1,1,1,1,1,2,2,1,21
190023,Eng,AdultOther,1,1,1,1,1,1,1,2,1,1,1,1,1,1,1,3,1,1,21
190024,Eng,AdultOther,1,1,1,1,1,1,1,1,1,1,1,1,1,1,1,1,2,1,19
190025,Eng,AdultOther,1,1,1,1,1,1,1,1,1,1,1,1,1,1,1,1,1,1,18
190026,Eng,AdultOther,2,2,2,1,1,2,1,1,1,2,2,1,1,1,2,2,2,2,28
190027,Eng,AdultOther,1,1,2,2,3,3,2,2,2,2,2,2,2,1,1,1,2,1,32
190028,Eng,AdultOther,1,1,1,1,1,1,1,1,1,1,1,1,1,1,1,1,1,1,18
190029,Eng,AdultOther,2,1,1,1,3,2,1,4,1,1,1,1,1,1,1,2,3,1,28
190030,Eng,AdultOther,1,2,1,1,1,1,1,1,2,1,1,2,1,2,1,1,1,1,22
190031,Eng,AdultOther,1,1,1,1,1,2,1,1,1,1,1,1,1,1,1,1,2,1,20
190032,Eng,AdultOther,1,1,1,1,1,1,1,1,1,1,1,1,1,1,1,1,1,1,18
190048,Eng,AdultOther,1,2,2,1,2,1,2,2,1,1,1,1,1,2,1,1,2,1,25
190049,Eng,AdultOther,1,1,1,1,1,2,1,1,1,1,1,1,1,1,1,1,1,1,19
190051,Eng,AdultOther,1,1,1,1,1,1,1,1,1,1,1,1,1,1,1,1,1,1,18
190053,Eng,AdultOther,1,2,2,2,2,2,1,1,1,1,1,1,1,1,1,2,2,2,26
190054,Eng,AdultOther,1,1,1,1,1,1,1,1,1,1,1,1,1,1,1,1,2,1,19
190055,Eng,AdultOther,1,1,1,1,2,1,1,1,1,1,1,1,1,1,1,2,2,2,22
190061,Eng,AdultOther,1,1,1,1,1,1,1,1,1,1,1,1,1,1,1,1,2,2,20
190071,Eng,AdultOther,1,1,1,1,1,1,1,1,1,1,1,1,1,1,1,1,1,1,18
190073,Eng,AdultOther,1,1,1,1,1,1,1,1,1,1,1,1,1,1,1,1,1,1,18
190074,Eng,AdultOther,1,1,1,1,1,1,1,1,1,1,1,1,1,1,1,1,1,1,18
190079,Eng,AdultOther,2,1,1,2,2,2,1,2,1,1,2,1,1,2,1,2,2,2,28
190080,Eng,AdultOther,1,1,1,1,1,1,1,1,1,1,1,1,1,1,1,1,1,1,18
190081,Eng,AdultOther,1,1,1,1,1,1,1,2,1,1,1,1,1,1,1,1,1,1,19
190082,Eng,AdultOther,1,1,1,1,1,2,1,1,1,1,1,1,1,1,1,1,2,2,21
190084,Eng,AdultOther,1,1,1,1,1,1,1,1,1,1,1,1,1,1,1,1,1,1,18
190085,Eng,AdultOther,1,1,1,1,1,1,1,1,1,1,1,1,1,1,1,1,1,1,18
190086,Eng,AdultOther,1,1,1,1,1,1,1,1,1,1,1,1,1,1,1,1,1,1,18
190092,Eng,AdultOther,1,1,1,1,1,1,1,1,1,1,1,1,1,1,1,1,1,1,18
190096,Eng,AdultOther,1,1,1,1,1,2,1,2,1,1,1,1,1,1,1,1,3,1,22
190097,Eng,AdultOther,1,1,1,1,1,1,1,1,1,1,1,1,1,1,1,1,1,1,18
190098,Eng,AdultOther,2,1,2,2,1,3,1,2,1,1,1,1,1,1,1,1,3,2,27
190100,Eng,AdultOther,1,1,1,1,1,1,1,1,1,1,1,1,1,1,1,1,3,1,20
190101,Eng,AdultOther,1,1,1,1,1,1,2,2,1,1,1,1,1,1,1,1,1,1,20
190102,Eng,AdultOther,1,1,1,1,1,1,1,1,1,1,1,1,1,1,1,1,1,1,18
190105,Eng,AdultOther,1,1,1,1,1,1,2,2,1,1,1,1,1,1,1,1,1,1,20
190113,Eng,AdultOther,3,1,1,1,3,1,1,1,1,1,1,1,1,1,1,1,3,1,24
193001,Eng,AdultOther,1,1,1,1,1,1,1,1,1,1,1,1,1,1,1,1,1,1,18
193002,Eng,AdultOther,1,1,1,1,1,1,1,1,1,1,1,1,1,1,1,1,3,1,20
193004,Eng,AdultOther,1,2,1,1,1,1,1,1,1,1,1,1,1,1,1,1,1,1,19
193007,Eng,AdultOther,1,1,1,1,1,1,1,2,1,1,1,1,1,1,1,2,2,1,21
193008,Eng,AdultOther,1,1,1,1,1,1,1,1,1,1,1,1,1,1,1,1,1,1,18
193009,Eng,AdultOther,1,1,1,1,1,1,1,1,1,1,1,1,1,1,1,1,1,1,18
193040,Eng,AdultOther,1,1,1,1,1,1,2,2,1,1,1,1,1,1,1,1,1,1,20
193041,Eng,AdultOther,1,2,1,1,1,1,2,2,1,1,1,1,1,1,2,1,2,1,23
193051,Eng,AdultOther,1,1,1,1,1,1,1,1,1,1,1,1,1,1,1,1,2,1,19
193052,Eng,AdultOther,1,2,1,2,2,1,1,1,1,2,1,1,1,1,1,1,2,2,24
193053,Eng,AdultOther,3,3,1,3,3,1,1,1,1,2,2,3,1,2,1,1,2,2,33
193054,Eng,AdultOther,1,1,1,1,1,1,1,1,1,1,1,1,1,1,1,1,1,1,18
193060,Eng,AdultOther,1,1,1,1,1,1,1,1,1,1,1,1,1,1,1,1,1,1,18
193061,Eng,AdultOther,1,1,1,1,1,1,1,1,1,1,1,1,1,1,1,1,3,1,20
203001,Eng,AdultOther,1,2,2,1,1,1,2,2,1,1,1,1,1,1,1,1,1,1,22
203002,Eng,AdultOther,1,1,1,1,1,1,2,1,1,1,1,1,1,1,1,1,2,1,20
203003,Eng,AdultOther,1,1,1,1,1,1,1,1,1,1,1,1,1,1,1,1,1,1,18
203005,Eng,AdultOther,1,1,1,1,1,1,1,1,1,1,1,1,1,1,1,1,1,1,18
203006,Eng,AdultOther,1,1,1,1,1,1,1,2,1,1,1,1,1,1,1,1,1,1,19
203009,Eng,AdultOther,2,1,1,2,1,1,2,1,1,1,1,1,1,1,1,2,3,2,25
203010,Eng,AdultOther,2,2,1,1,1,1,2,1,1,1,1,1,1,1,1,1,1,1,21
203014,Eng,AdultOther,1,1,1,1,1,1,2,2,1,1,1,1,1,1,1,1,1,1,20
203015,Eng,AdultOther,1,1,1,1,1,1,1,1,1,1,1,1,1,1,1,1,1,1,18
203016,Eng,AdultOther,2,1,1,1,1,1,1,2,1,1,1,2,1,1,1,1,2,1,22
203017,Eng,AdultOther,2,1,1,1,1,1,1,1,1,1,1,1,1,1,1,1,1,1,19
203022,Eng,AdultOther,1,1,1,1,1,1,1,1,1,1,1,1,1,1,1,1,1,1,18
203023,Eng,AdultOther,1,1,1,1,1,1,1,1,1,1,1,1,1,1,1,1,2,1,19
203024,Eng,AdultOther,2,1,1,1,2,1,1,1,1,1,1,1,1,1,1,1,1,1,20
204001,Eng,AdultOther,1,1,1,1,1,1,1,1,1,1,1,1,1,1,1,1,1,1,18
204002,Eng,AdultOther,1,2,2,2,1,1,1,1,1,1,1,1,1,1,1,1,1,1,21
204003,Eng,AdultOther,1,1,2,1,1,1,1,2,1,1,1,1,2,1,1,1,2,1,22
204004,Eng,AdultOther,2,3,1,1,3,1,1,1,1,1,1,1,1,1,1,1,3,1,25
204005,Eng,AdultOther,1,1,1,1,1,1,1,1,1,1,1,1,1,1,1,1,1,1,18
204006,Eng,AdultOther,1,2,2,1,1,2,1,2,1,1,1,2,1,1,1,1,2,1,24
204007,Eng,AdultOther,1,1,1,1,1,1,1,1,1,1,1,1,1,1,1,1,2,2,20
204008,Eng,AdultOther,1,2,1,1,1,1,1,1,1,1,1,1,1,1,1,1,2,1,20
204009,Eng,AdultOther,2,2,3,3,2,1,2,2,1,1,1,2,1,1,1,2,3,1,31
204010,Eng,AdultOther,1,1,1,1,1,1,1,1,1,1,1,1,1,1,1,1,2,1,19
204011,Eng,AdultOther,3,2,2,2,3,2,1,2,1,1,1,1,1,1,1,1,3,3,31
204012,Eng,AdultOther,1,2,2,2,2,1,2,1,1,1,1,1,1,1,1,1,4,1,26
204013,Eng,AdultOther,1,1,1,1,1,1,1,1,1,1,1,1,1,1,1,1,2,1,19
204014,Eng,AdultOther,1,2,1,1,1,1,1,1,1,1,1,1,1,1,1,1,2,1,20
204015,Eng,AdultOther,1,1,1,1,1,1,1,1,1,1,1,1,1,1,1,1,2,1,19
204016,Eng,AdultOther,1,1,1,1,1,1,1,1,1,1,1,1,1,1,1,1,1,1,18
204017,Eng,AdultOther,2,2,1,2,2,1,1,1,1,1,1,1,1,1,1,1,2,2,24
204018,Eng,AdultOther,1,1,1,1,1,2,1,1,1,1,1,1,1,1,1,1,2,1,20
204019,Eng,AdultOther,1,1,1,1,1,1,1,1,1,1,1,1,1,1,1,1,1,1,18
204020,Eng,AdultOther,1,2,1,1,1,1,1,1,1,1,1,1,1,1,1,1,2,1,20
204021,Eng,AdultOther,1,2,1,1,1,1,1,1,1,1,1,1,2,1,1,1,1,1,20
204022,Eng,AdultOther,2,2,2,2,2,1,2,2,1,1,1,1,2,1,1,1,3,2,29
204023,Eng,AdultOther,1,2,1,1,2,1,1,2,1,1,1,2,1,1,1,2,2,1,24
204024,Eng,AdultOther,1,1,1,1,1,2,1,1,1,1,1,1,1,1,1,1,3,1,21
204025,Eng,AdultOther,1,2,1,1,1,1,1,1,1,1,1,1,1,1,1,1,1,1,19
204041,Eng,AdultOther,3,1,1,2,1,2,2,2,1,2,2,2,1,1,2,1,4,2,32
204042,Eng,AdultOther,1,2,1,1,1,1,2,2,1,1,1,1,1,1,1,1,3,1,23
204043,Eng,AdultOther,2,2,1,1,1,1,1,1,1,1,1,1,1,1,1,1,2,1,21
204044,Eng,AdultOther,1,1,1,1,1,1,1,1,1,1,1,1,1,1,1,1,1,1,18
204045,Eng,AdultOther,1,1,1,1,1,1,1,1,1,1,1,1,1,1,1,2,2,1,20
204046,Eng,AdultOther,1,2,1,1,1,1,2,1,1,1,1,1,1,1,1,1,1,2,21
204047,Eng,AdultOther,1,1,1,1,1,1,1,1,1,1,1,1,1,1,1,1,1,1,18
204048,Eng,AdultOther,1,1,1,1,1,1,1,1,1,1,1,1,1,1,1,1,2,1,19
204049,Eng,AdultOther,1,1,2,1,1,1,1,1,1,1,1,1,1,1,1,1,2,1,20
204050,Eng,AdultOther,1,1,1,1,1,1,1,1,1,1,1,1,1,1,1,1,3,1,20
204051,Eng,AdultOther,1,1,1,1,1,1,1,1,1,1,1,1,1,1,1,1,1,1,18
204052,Eng,AdultOther,3,3,2,2,1,1,1,1,1,1,1,1,2,1,1,2,1,2,27
204053,Eng,AdultOther,2,1,1,1,1,1,2,2,1,1,1,1,1,1,1,1,1,1,21
204054,Eng,AdultOther,1,1,1,1,1,1,1,2,1,1,1,1,1,1,1,1,3,1,21
204055,Eng,AdultOther,1,1,1,1,1,1,1,1,1,1,1,1,1,1,1,1,2,1,19
204056,Eng,AdultOther,1,1,1,1,1,2,1,2,1,1,1,1,2,1,1,2,2,1,23
204057,Eng,AdultOther,1,1,1,1,1,1,1,1,1,1,1,1,1,1,1,1,1,1,18
204058,Eng,AdultOther,1,1,1,1,1,1,1,1,1,1,1,1,1,1,1,1,1,1,18
204059,Eng,AdultOther,1,1,1,1,2,1,1,2,1,1,1,1,1,1,1,1,1,1,20
204060,Eng,AdultOther,1,1,1,1,1,1,1,1,1,1,1,1,1,1,1,1,1,1,18
204061,Eng,AdultOther,1,1,1,2,1,2,1,1,1,1,1,1,1,1,1,1,1,1,20
204062,Eng,AdultOther,1,2,1,1,3,1,1,1,1,1,1,1,1,1,1,1,1,1,21
204063,Eng,AdultOther,1,1,1,1,1,1,1,1,1,1,1,1,1,1,1,1,1,1,18
204064,Eng,AdultOther,1,1,1,1,1,1,1,1,1,1,1,1,1,1,1,1,4,1,21
209001,Eng,AdultOther,1,1,1,1,2,1,1,1,1,1,1,1,1,1,1,1,1,1,19
209002,Eng,AdultOther,2,1,1,1,1,2,1,2,1,1,1,1,1,1,1,2,2,2,24
209003,Eng,AdultOther,1,1,1,1,1,1,1,1,1,1,1,1,1,1,1,1,1,2,19
209004,Eng,AdultOther,1,2,1,1,2,1,1,1,1,2,1,1,1,1,1,2,2,1,23
209006,Eng,AdultOther,1,2,2,1,1,1,1,1,1,2,1,1,1,2,1,1,3,2,25
209007,Eng,AdultOther,1,1,1,2,1,1,1,1,1,1,1,1,1,1,1,1,1,1,19
209010,Eng,AdultOther,2,2,1,2,1,1,1,1,1,1,1,1,1,1,1,1,1,1,21
209011,Eng,AdultOther,2,2,2,2,1,1,1,2,1,1,1,2,1,1,1,1,4,2,28
209013,Eng,AdultOther,1,1,1,2,2,1,1,1,1,1,1,1,1,1,1,1,1,1,20
209014,Eng,AdultOther,1,1,1,1,1,1,1,1,1,1,2,1,1,1,1,1,2,1,20
209015,Eng,AdultOther,1,1,1,1,1,1,1,1,1,1,1,1,1,1,1,1,2,1,19
209017,Eng,AdultOther,2,1,1,1,1,1,1,1,1,1,1,1,1,1,1,1,4,1,22
209019,Eng,AdultOther,3,1,1,2,1,1,1,1,1,2,1,1,1,1,1,1,1,2,23
209022,Eng,AdultOther,2,1,1,2,2,1,2,2,1,1,2,1,1,1,1,1,3,1,26
209023,Eng,AdultOther,1,1,1,1,1,1,1,1,1,1,1,1,1,1,1,1,1,1,18
209025,Eng,AdultOther,2,1,1,1,1,1,1,1,1,1,1,1,1,1,1,1,1,1,19
209026,Eng,AdultOther,1,1,1,1,1,1,1,1,1,1,1,1,1,1,1,1,2,1,19
209029,Eng,AdultOther,1,1,1,1,1,1,1,1,1,1,1,1,1,1,1,1,1,1,18
209030,Eng,AdultOther,1,1,1,1,2,1,1,1,1,1,1,1,1,1,1,1,2,1,20
209031,Eng,AdultOther,1,1,1,1,1,1,1,1,1,1,1,1,1,1,1,1,1,1,18
209032,Eng,AdultOther,2,2,1,2,1,1,1,1,1,1,1,1,1,1,1,1,1,1,21
209034,Eng,AdultOther,1,1,1,1,1,2,1,1,1,1,1,1,1,1,1,1,2,1,20
209037,Eng,AdultOther,1,2,1,1,1,1,1,1,1,1,1,1,1,1,1,1,1,1,19
209039,Eng,AdultOther,2,1,1,1,2,2,1,2,1,1,1,2,1,1,1,1,2,1,24
209041,Eng,AdultOther,2,2,2,3,3,3,2,2,1,1,1,2,1,2,1,2,3,2,35
209042,Eng,AdultOther,2,2,1,1,1,1,1,1,1,2,1,1,1,1,1,2,2,2,24
209043,Eng,AdultOther,2,2,1,1,2,1,1,1,1,1,1,1,2,1,1,1,2,1,23
209046,Eng,AdultOther,2,2,1,2,1,1,1,2,1,1,1,1,1,1,1,1,2,2,24
209047,Eng,AdultOther,1,1,1,1,1,1,1,1,1,1,1,1,1,1,1,1,1,1,18
209048,Eng,AdultOther,1,1,1,1,2,1,1,2,1,1,1,1,1,1,1,1,2,2,22
209049,Eng,AdultOther,1,1,1,1,1,1,1,1,1,1,1,1,1,1,1,1,2,2,20
209050,Eng,AdultOther,3,2,3,2,3,3,1,2,1,2,2,3,1,2,1,2,4,3,40
209051,Eng,AdultOther,3,2,2,1,2,1,2,2,1,1,1,1,1,1,1,1,3,2,28
212002,Eng,AdultOther,1,1,1,1,1,1,1,1,1,1,1,1,1,1,1,1,1,1,18
212003,Eng,AdultOther,1,2,1,1,1,1,1,1,1,1,1,1,1,1,1,1,1,1,19
212004,Eng,AdultOther,1,1,1,1,1,1,1,1,1,1,1,1,1,1,1,1,1,1,18
212006,Eng,AdultOther,1,1,1,1,1,1,1,1,1,1,1,1,1,1,1,1,4,1,21
212007,Eng,AdultOther,1,1,1,1,1,1,1,1,1,1,1,1,1,1,1,1,1,1,18
212009,Eng,AdultOther,1,1,1,1,1,1,1,1,1,1,1,1,1,1,1,1,1,1,18
212011,Eng,AdultOther,2,2,2,2,2,1,1,1,1,1,1,1,1,1,1,1,2,1,24
212012,Eng,AdultOther,1,2,2,1,2,1,2,2,1,1,1,1,1,1,1,1,2,1,24
212016,Eng,AdultOther,3,2,2,3,3,1,2,4,1,2,3,3,1,2,1,2,4,2,41
212017,Eng,AdultOther,1,1,1,1,1,2,1,1,1,1,1,1,1,1,1,1,1,1,19
212018,Eng,AdultOther,3,2,1,1,2,1,1,2,1,1,2,1,1,1,1,1,2,2,26
212022,Eng,AdultOther,1,1,1,1,1,1,1,1,1,1,1,1,1,1,1,1,1,1,18
212023,Eng,AdultOther,1,1,1,1,1,2,1,2,1,1,1,1,1,1,1,1,2,1,21
212024,Eng,AdultOther,2,1,1,1,1,1,1,1,1,1,1,1,1,1,1,1,1,2,20
212025,Eng,AdultOther,2,2,1,1,2,1,1,2,1,2,1,1,1,1,1,1,3,1,25
212028,Eng,AdultOther,1,1,1,1,1,1,1,1,1,1,1,1,1,1,1,1,2,1,19
212030,Eng,AdultOther,1,1,1,1,1,1,2,2,1,1,1,1,1,1,1,1,1,1,20
214006,Eng,AdultOther,2,1,2,2,1,1,2,2,1,1,1,1,1,1,1,1,2,1,24
214007,Eng,AdultOther,1,1,1,1,1,1,1,2,1,1,1,1,1,1,1,1,2,1,20
214009,Eng,AdultOther,2,2,2,3,2,2,2,1,1,2,3,4,1,1,1,1,4,3,37
214010,Eng,AdultOther,1,1,1,1,1,2,1,2,1,1,1,1,1,1,1,1,1,1,20
214013,Eng,AdultOther,1,1,1,1,1,1,1,1,1,1,1,1,1,1,1,1,1,1,18
215001,Eng,AdultOther,1,1,1,1,1,1,1,1,1,1,1,1,1,1,1,1,2,1,19
215002,Eng,AdultOther,1,1,1,2,1,1,1,1,1,2,1,2,1,1,1,1,1,2,22
215003,Eng,AdultOther,1,1,1,1,1,2,1,2,1,1,1,1,1,1,1,1,1,1,20
215004,Eng,AdultOther,1,1,1,1,1,1,1,1,1,1,1,1,1,1,1,1,4,1,21
215005,Eng,AdultOther,1,1,1,1,1,1,1,1,1,1,1,1,1,1,1,1,1,1,18
215007,Eng,AdultOther,2,1,1,1,2,1,1,2,1,1,1,1,1,1,2,2,1,2,24
215010,Eng,AdultOther,1,1,1,1,1,1,1,1,1,1,1,1,4,1,1,1,2,1,22
215015,Eng,AdultOther,1,1,1,1,1,1,1,1,1,1,1,1,1,1,1,1,1,1,18
215017,Eng,AdultOther,1,1,1,1,1,1,1,1,1,1,1,1,1,1,1,1,2,1,19
215018,Eng,AdultOther,1,1,1,1,4,3,1,1,1,3,2,1,1,1,1,4,4,2,33
216002,Eng,AdultOther,2,2,1,1,1,1,1,1,1,1,1,1,1,1,1,1,1,1,20
216009,Eng,AdultOther,1,1,1,1,1,1,1,1,1,1,1,1,1,1,1,1,1,1,18
216015,Eng,AdultOther,1,1,1,1,1,1,1,1,1,1,1,1,1,1,1,2,1,1,19
216033,Eng,AdultOther,1,1,1,1,1,1,1,1,1,1,1,1,1,1,1,1,1,1,18
216034,Eng,AdultOther,1,1,1,1,1,1,1,1,1,1,1,1,1,1,1,1,1,1,18
216035,Eng,AdultOther,1,1,1,1,2,1,1,1,1,1,1,1,1,1,1,1,1,1,19
216050,Eng,AdultOther,1,1,1,1,1,1,1,1,1,1,1,1,1,1,1,1,1,1,18
216052,Eng,AdultOther,1,1,1,1,1,1,1,1,1,1,1,1,1,1,1,1,1,1,18
216055,Eng,AdultOther,1,1,1,1,1,1,1,1,1,1,1,1,1,1,1,1,1,1,18
216058,Eng,AdultOther,1,2,1,1,1,1,2,2,1,1,1,2,1,2,1,1,2,2,25
217002,Eng,AdultOther,2,2,1,1,2,2,2,2,1,1,2,1,1,1,1,1,2,2,27
217003,Eng,AdultOther,1,1,1,1,1,1,1,1,1,1,1,1,1,1,1,1,1,1,18
217005,Eng,AdultOther,1,1,1,1,1,1,1,1,1,1,1,1,1,1,1,1,2,1,19
219002,Eng,AdultOther,1,1,1,1,1,1,1,1,1,1,1,1,1,1,1,1,2,1,19
219003,Eng,AdultOther,1,1,1,1,1,1,1,1,1,1,1,1,1,1,1,1,1,1,18
219008,Eng,AdultOther,1,2,1,1,1,1,2,2,1,1,1,1,1,1,1,1,2,1,22
219010,Eng,AdultOther,1,2,1,1,1,1,1,1,1,1,1,1,1,1,1,1,2,1,20
219011,Eng,AdultOther,2,2,2,2,2,1,1,1,2,2,2,2,2,2,1,2,2,2,32
219012,Eng,AdultOther,1,1,1,1,2,1,1,1,1,1,1,1,3,1,1,1,1,1,21
219013,Eng,AdultOther,1,1,1,1,2,1,1,1,1,1,1,1,1,1,1,1,1,1,19
219014,Eng,AdultOther,2,2,1,2,1,1,1,1,1,1,1,1,1,1,1,1,1,1,21
221001,Eng,AdultOther,1,1,1,1,1,1,1,1,1,1,1,1,1,1,1,1,1,1,18
221002,Eng,AdultOther,3,1,2,2,2,1,1,1,1,2,2,2,1,1,1,2,3,2,30
221003,Eng,AdultOther,1,1,1,1,1,1,1,1,1,1,1,1,1,1,1,1,1,1,18
221009,Eng,AdultOther,1,1,1,1,1,1,1,2,2,1,1,1,2,1,1,1,2,1,22
221013,Eng,AdultOther,2,3,2,3,2,1,2,2,1,1,1,2,1,1,1,1,4,2,32
221020,Eng,AdultOther,1,1,1,1,1,2,1,1,1,1,1,1,1,1,1,1,2,1,20
221022,Eng,AdultOther,1,1,1,1,2,1,1,1,1,1,1,1,1,1,1,1,1,1,19
221024,Eng,AdultOther,1,1,1,1,1,1,1,1,1,1,1,1,1,1,1,1,1,1,18
223006,Eng,AdultOther,1,1,1,1,1,1,1,1,1,1,1,1,1,1,1,1,3,1,20
223007,Eng,AdultOther,2,1,1,1,1,1,1,2,1,1,1,2,1,2,2,1,2,1,24
223008,Eng,AdultOther,1,2,2,1,1,1,1,1,1,1,1,1,1,1,1,1,1,1,20
223009,Eng,AdultOther,1,1,1,2,1,2,1,2,1,1,1,1,1,1,1,2,3,2,25
223010,Eng,AdultOther,2,1,2,1,1,3,1,1,1,1,2,1,1,2,1,2,4,1,28
223011,Eng,AdultOther,1,2,1,1,1,1,1,1,1,1,1,1,2,1,1,1,2,2,22
223012,Eng,AdultOther,2,1,2,2,1,1,1,1,1,1,1,1,2,1,1,1,3,1,24
224001,Eng,AdultOther,1,1,1,1,2,1,1,2,1,2,2,3,1,1,2,2,2,2,28
224002,Eng,AdultOther,1,1,1,1,1,1,1,1,1,1,1,1,1,1,1,1,2,1,19
224003,Eng,AdultOther,1,1,1,1,2,2,2,2,1,1,1,1,1,1,1,2,2,2,25
224004,Eng,AdultOther,2,1,1,1,2,1,1,2,1,1,1,1,1,1,1,2,1,1,22
224005,Eng,AdultOther,1,1,1,1,1,1,1,1,1,1,1,1,1,1,1,1,2,1,19
224006,Eng,AdultOther,1,1,2,2,2,2,1,1,1,1,1,1,1,1,1,1,3,1,24
224007,Eng,AdultOther,1,1,1,1,1,1,1,1,1,1,1,1,1,1,1,1,1,1,18
224008,Eng,AdultOther,3,2,2,2,2,2,2,2,1,3,3,1,1,1,1,1,3,2,34
224009,Eng,AdultOther,1,1,1,1,1,1,1,1,1,1,1,1,1,1,1,1,3,1,20
224010,Eng,AdultOther,1,2,1,2,1,1,1,1,1,1,1,1,1,1,1,2,2,1,22
224011,Eng,AdultOther,2,1,1,2,1,1,1,1,1,1,1,1,1,1,1,2,2,1,22
224012,Eng,AdultOther,1,1,1,1,1,2,1,1,1,1,1,1,1,1,1,1,1,1,19
224013,Eng,AdultOther,1,1,1,1,1,1,1,2,1,1,1,1,1,1,1,1,1,1,19
224015,Eng,AdultOther,1,1,1,2,1,1,1,1,1,1,1,2,1,1,1,1,4,1,23
224016,Eng,AdultOther,1,1,1,2,1,1,1,1,1,1,1,1,1,1,1,1,1,1,19
224017,Eng,AdultOther,1,1,1,1,2,1,1,1,1,1,1,1,1,1,1,1,2,1,20
224018,Eng,AdultOther,1,1,1,1,1,2,1,2,1,1,1,1,1,2,1,2,2,2,24
224019,Eng,AdultOther,1,1,1,1,1,2,1,2,1,1,2,1,1,1,1,2,1,1,22
224021,Eng,AdultOther,3,2,2,2,3,2,2,2,1,2,2,2,2,2,2,2,4,3,40
224022,Eng,AdultOther,1,1,1,1,1,1,1,1,1,1,1,1,1,1,1,1,2,1,19
224024,Eng,AdultOther,1,1,1,1,2,1,1,1,1,1,1,1,1,1,1,1,1,1,19
224025,Eng,AdultOther,2,1,1,2,1,2,1,2,1,1,2,1,2,1,1,2,4,1,28
224026,Eng,AdultOther,1,1,1,1,1,1,1,1,1,1,1,1,1,1,1,1,1,1,18
224027,Eng,AdultOther,1,1,1,1,1,2,1,1,1,1,1,1,1,1,1,2,2,1,21
225001,Eng,AdultOther,1,1,1,1,2,1,1,1,1,1,1,1,1,1,1,1,1,1,19
225002,Eng,AdultOther,2,2,1,1,2,1,1,1,1,2,2,2,1,1,1,2,2,2,27
225003,Eng,AdultOther,1,1,1,1,1,1,1,1,1,1,1,1,1,1,1,1,2,1,19
225004,Eng,AdultOther,1,2,1,1,1,1,1,1,1,2,1,1,1,1,1,1,2,1,21
225005,Eng,AdultOther,1,1,1,1,1,1,1,1,1,1,1,1,1,1,1,1,1,1,18
225007,Eng,AdultOther,2,2,2,1,1,1,1,2,1,1,1,1,1,2,1,2,2,2,26
225008,Eng,AdultOther,1,1,1,1,1,1,1,1,1,1,1,1,1,1,1,1,1,1,18
225009,Eng,AdultOther,1,1,1,1,2,1,1,1,1,1,1,1,1,1,1,1,1,1,19
225010,Eng,AdultOther,1,1,1,1,1,1,1,1,1,1,1,1,1,1,1,1,1,2,19
225011,Eng,AdultOther,2,2,1,1,3,2,1,1,1,1,1,1,1,1,1,2,2,1,25
225012,Eng,AdultOther,1,1,1,1,1,1,1,1,1,1,1,1,1,1,1,1,3,1,20
225013,Eng,AdultOther,1,1,1,1,1,1,1,1,1,1,1,1,1,1,1,1,2,1,19
225014,Eng,AdultOther,1,1,1,1,1,1,1,1,1,1,1,1,1,1,1,1,3,1,20
225015,Eng,AdultOther,1,1,1,1,1,1,1,1,1,1,1,1,1,1,1,1,1,1,18
225016,Eng,AdultOther,1,1,1,1,1,1,1,1,1,1,1,1,1,1,1,1,1,1,18
225018,Eng,AdultOther,1,1,1,1,1,1,1,2,1,1,1,1,1,1,1,1,1,1,19
225019,Eng,AdultOther,2,2,1,2,1,2,1,1,1,1,1,1,1,3,1,1,2,2,26
225020,Eng,AdultOther,1,1,1,1,1,1,1,1,1,1,1,1,1,1,1,1,1,1,18
225021,Eng,AdultOther,1,1,1,1,1,1,1,1,1,1,1,1,1,1,1,1,2,1,19
225022,Eng,AdultOther,1,1,1,1,1,2,1,1,1,1,1,1,1,1,1,1,2,1,20
225023,Eng,AdultOther,1,1,1,1,1,2,1,1,1,1,1,1,1,1,1,1,1,1,19
225024,Eng,AdultOther,1,1,1,1,1,1,1,2,1,1,1,1,1,1,1,1,1,1,19
225025,Eng,AdultOther,1,1,1,1,1,1,1,1,1,1,1,1,1,1,1,1,1,1,18
225026,Eng,AdultOther,1,1,1,1,1,1,1,1,1,1,1,1,2,1,1,2,4,2,24
225027,Eng,AdultOther,1,1,1,1,1,1,1,1,1,1,1,1,1,1,1,1,1,1,18
225028,Eng,AdultOther,1,1,1,1,1,1,1,1,1,1,1,1,1,1,1,2,1,1,19
225029,Eng,AdultOther,2,2,1,1,1,1,2,2,1,1,1,1,2,1,1,1,3,2,26
225030,Eng,AdultOther,1,1,1,1,1,1,1,1,1,1,1,1,1,1,1,1,1,1,18
225031,Eng,AdultOther,3,2,2,2,2,1,1,1,1,1,1,1,2,1,1,1,1,2,26
225032,Eng,AdultOther,1,1,1,1,1,2,1,1,1,1,1,1,1,1,1,1,1,1,19
225033,Eng,AdultOther,2,1,1,1,1,1,1,1,1,1,1,1,1,1,1,2,3,1,22
225034,Eng,AdultOther,1,1,1,1,1,1,1,1,1,1,1,1,1,1,1,1,1,1,18
225035,Eng,AdultOther,1,1,1,1,1,1,1,1,1,1,1,1,1,1,1,1,1,1,18
225036,Eng,AdultOther,1,1,1,1,1,1,1,1,1,1,1,1,1,1,1,1,1,1,18
225037,Eng,AdultOther,2,1,1,1,2,1,1,1,1,2,1,1,1,1,1,1,1,1,21
225038,Eng,AdultOther,1,1,1,1,1,1,1,1,1,1,1,1,1,1,1,1,1,1,18
225039,Eng,AdultOther,1,1,1,1,1,1,1,2,1,1,1,1,1,1,1,1,1,1,19
225040,Eng,AdultOther,1,1,1,1,1,1,1,2,1,1,1,1,1,1,1,1,1,1,19
225041,Eng,AdultOther,1,1,1,1,1,1,1,1,1,1,1,1,2,1,1,2,3,1,22
225042,Eng,AdultOther,1,1,1,1,1,1,1,1,1,1,1,1,1,1,1,1,1,1,18
225043,Eng,AdultOther,1,1,1,2,1,1,1,1,1,1,1,1,1,1,1,1,1,1,19
225044,Eng,AdultOther,2,1,1,1,2,2,1,2,1,1,1,1,1,1,1,1,2,1,23
225045,Eng,AdultOther,1,2,1,1,1,1,1,1,1,1,1,1,1,1,1,1,2,1,20
225046,Eng,AdultOther,1,2,1,1,1,1,1,2,1,1,1,1,1,1,1,1,2,2,22
225047,Eng,AdultOther,1,1,1,1,1,1,1,1,1,1,1,1,1,1,1,1,1,1,18
225049,Eng,AdultOther,1,1,1,1,1,1,1,1,1,1,1,1,1,1,1,1,1,2,19
225050,Eng,AdultOther,1,1,1,1,1,1,1,1,1,1,1,1,1,1,1,1,1,1,18
230003,Eng,AdultOther,1,1,1,1,2,1,1,1,1,1,1,1,1,1,1,2,2,1,21
230004,Eng,AdultOther,2,1,1,1,1,1,1,1,1,2,1,2,1,1,1,1,1,2,22
230005,Eng,AdultOther,2,2,2,2,2,2,1,2,2,2,2,2,2,2,1,2,2,2,34
230006,Eng,AdultOther,1,1,1,1,1,1,1,1,1,1,1,1,1,1,1,1,1,1,18
230008,Eng,AdultOther,1,1,1,1,1,1,1,1,1,1,1,1,1,1,1,1,2,1,19
230009,Eng,AdultOther,1,2,1,1,2,1,1,2,1,1,1,1,1,1,1,1,1,2,22
230010,Eng,AdultOther,1,2,1,2,1,1,1,2,1,1,1,2,1,1,1,1,1,1,22
230011,Eng,AdultOther,1,1,1,1,1,1,1,1,1,1,1,1,1,1,1,1,1,1,18
230032,Eng,AdultOther,2,2,1,2,1,2,2,2,1,1,1,1,1,1,1,1,2,2,26
230033,Eng,AdultOther,2,2,1,1,1,1,2,2,1,1,1,1,1,1,1,1,1,1,22
236001,Eng,AdultOther,1,2,1,2,2,1,1,2,1,1,1,1,1,1,1,2,3,2,26
236002,Eng,AdultOther,1,1,1,1,2,1,1,1,1,1,1,1,1,1,1,1,1,2,20
236003,Eng,AdultOther,2,2,2,2,1,1,2,2,1,1,1,1,2,1,1,1,2,2,27
236004,Eng,AdultOther,3,1,1,2,2,4,1,1,1,1,1,1,1,1,1,1,4,3,30
236005,Eng,AdultOther,2,2,2,2,2,1,1,1,1,1,1,1,3,1,1,1,2,1,26
236006,Eng,AdultOther,1,1,1,1,1,1,1,1,1,1,1,1,1,1,1,1,1,1,18
236007,Eng,AdultOther,1,1,1,1,1,1,2,2,1,1,1,1,1,1,1,1,1,2,21
236008,Eng,AdultOther,1,1,1,1,1,1,1,2,1,1,1,1,1,1,1,1,2,1,20
236009,Eng,AdultOther,2,2,2,1,1,1,1,1,1,1,1,1,1,1,1,1,2,2,23
236010,Eng,AdultOther,1,1,1,1,1,1,1,1,1,1,1,1,1,1,1,1,2,1,19
254007,Eng,AdultOther,1,1,1,1,1,1,1,1,1,1,1,1,1,1,1,1,2,1,19
254008,Eng,AdultOther,1,1,1,1,1,1,2,2,1,1,1,1,1,1,1,1,4,1,23
254009,Eng,AdultOther,1,1,1,1,1,2,1,1,1,1,1,1,1,1,1,1,3,1,21
254010,Eng,AdultOther,1,1,1,1,1,1,2,1,1,1,1,1,1,1,1,1,1,1,19
254011,Eng,AdultOther,2,1,1,1,1,1,1,1,1,1,1,1,1,1,1,1,2,1,20
254012,Eng,AdultOther,1,1,1,1,1,1,1,1,1,1,1,1,1,1,1,1,1,1,18
254013,Eng,AdultOther,2,1,1,1,1,1,1,1,1,1,1,1,1,1,1,1,2,1,20
254014,Eng,AdultOther,1,1,1,1,1,1,2,2,1,1,1,1,1,1,1,1,2,1,21
254015,Eng,AdultOther,1,1,1,1,1,1,1,1,1,1,1,1,1,1,1,1,1,1,18
254016,Eng,AdultOther,2,2,1,1,2,1,1,2,1,1,1,1,1,1,1,1,3,1,24
254017,Eng,AdultOther,1,1,1,1,1,1,1,1,1,1,1,1,1,1,1,1,2,1,19
254018,Eng,AdultOther,1,1,1,1,1,1,1,1,1,1,1,1,1,1,1,1,1,1,18
254019,Eng,AdultOther,1,2,1,1,1,1,1,2,1,1,1,1,1,1,1,1,1,1,20
254020,Eng,AdultOther,1,1,1,1,1,1,1,1,1,1,1,1,1,1,1,1,2,1,19
254021,Eng,AdultOther,1,1,1,1,1,1,1,1,1,1,1,1,1,1,1,2,2,1,20
254022,Eng,AdultOther,1,1,1,1,1,1,1,1,1,1,1,1,1,1,1,1,1,1,18
254023,Eng,AdultOther,1,1,1,1,1,1,1,1,1,1,1,1,1,1,1,2,2,1,20
254024,Eng,AdultOther,1,1,1,1,1,2,1,1,1,1,1,1,1,1,1,1,2,1,20
254025,Eng,AdultOther,1,1,1,1,1,1,1,1,1,1,1,1,1,1,1,1,1,1,18
254026,Eng,AdultOther,1,1,1,1,1,1,1,1,1,1,1,1,1,1,1,1,1,1,18
254027,Eng,AdultOther,1,1,1,1,1,1,1,1,1,1,1,1,1,1,1,1,1,1,18
254028,Eng,AdultOther,1,1,1,1,1,1,1,1,1,1,1,1,1,1,1,1,1,1,18
254029,Eng,AdultOther,2,2,2,2,1,2,3,2,1,1,1,1,1,1,1,1,2,3,29
254030,Eng,AdultOther,1,1,1,2,1,1,1,1,1,1,1,1,1,1,1,1,1,1,19
254031,Eng,AdultOther,2,1,1,2,2,2,1,2,1,1,1,1,1,1,1,1,2,2,25
254034,Eng,AdultOther,1,1,1,1,2,1,1,1,2,1,1,2,1,1,1,1,1,2,22
254035,Eng,AdultOther,2,2,2,1,1,2,2,2,1,1,1,1,2,1,1,1,3,2,28
260001,Eng,AdultOther,2,1,1,2,1,3,1,2,1,1,1,1,1,1,1,1,1,1,23
260002,Eng,AdultOther,2,1,1,1,1,1,2,2,1,1,1,1,1,1,1,1,1,1,21
260003,Eng,AdultOther,1,2,1,1,1,1,1,1,1,1,1,1,1,1,1,1,3,1,21
260004,Eng,AdultOther,2,1,1,2,2,1,1,2,1,1,1,1,1,1,1,1,2,2,24
260005,Eng,AdultOther,1,1,1,1,1,1,1,1,1,1,1,1,1,1,1,1,1,1,18
260006,Eng,AdultOther,2,2,3,3,2,2,1,2,1,2,2,2,1,2,1,2,4,2,36
260007,Eng,AdultOther,1,1,1,1,1,1,1,1,1,1,1,1,1,1,1,1,1,1,18
260008,Eng,AdultOther,2,2,2,2,3,1,1,1,1,1,1,1,1,1,1,1,1,1,24
260009,Eng,AdultOther,1,1,1,1,1,1,1,1,1,1,1,2,1,1,1,1,1,1,19
260010,Eng,AdultOther,1,1,1,1,1,1,1,1,1,1,1,1,1,1,1,1,1,1,18
260011,Eng,AdultOther,2,2,2,2,2,2,1,1,1,1,2,1,1,1,1,1,1,1,25
260012,Eng,AdultOther,1,1,1,1,1,1,1,1,1,1,1,1,1,1,1,1,1,1,18
260013,Eng,AdultOther,2,1,1,1,1,1,1,1,1,1,1,1,1,1,1,1,1,1,19
260014,Eng,AdultOther,1,2,1,1,1,1,1,1,1,1,1,1,1,1,1,1,1,1,19
260015,Eng,AdultOther,1,1,1,1,1,1,1,1,1,1,1,1,1,1,1,1,1,1,18
260016,Eng,AdultOther,2,2,1,2,2,1,1,2,1,2,2,1,2,1,1,3,4,3,33
260017,Eng,AdultOther,1,1,1,1,1,1,1,1,1,1,1,1,1,1,1,1,1,1,18
260018,Eng,AdultOther,2,2,1,1,2,1,1,1,1,1,1,1,2,1,1,1,2,2,24
260019,Eng,AdultOther,1,1,1,1,1,1,1,1,1,1,1,1,1,1,1,1,2,1,19
260020,Eng,AdultOther,1,2,1,2,1,1,1,1,1,1,1,1,1,1,1,1,1,1,20
260057,Eng,AdultOther,1,1,1,1,1,1,1,1,1,1,1,1,1,1,1,1,1,1,18
260058,Eng,AdultOther,2,2,2,2,2,2,2,2,1,1,1,1,1,1,1,1,3,2,29
260059,Eng,AdultOther,1,1,1,1,1,1,1,2,1,1,1,1,1,1,1,1,2,1,20
260060,Eng,AdultOther,2,2,1,1,1,1,1,1,1,1,1,1,1,1,1,1,1,1,20
260063,Eng,AdultOther,1,1,1,1,1,1,1,1,1,1,1,1,2,1,1,2,2,2,22
260064,Eng,AdultOther,1,2,2,1,1,1,1,1,1,1,1,1,1,1,1,1,2,1,21
260065,Eng,AdultOther,2,2,2,1,2,2,1,2,1,1,1,1,1,1,1,1,2,1,25
260066,Eng,AdultOther,1,1,1,1,1,1,2,2,1,1,1,1,1,1,1,1,1,1,20
260067,Eng,AdultOther,1,1,1,1,1,1,1,1,1,1,1,1,1,1,1,1,1,1,18
260068,Eng,AdultOther,1,1,1,1,1,1,1,2,1,1,1,1,1,1,1,1,1,1,19
263003,Eng,AdultOther,1,1,1,1,1,1,1,2,1,1,1,1,1,1,1,1,1,1,19
263004,Eng,AdultOther,1,2,1,1,1,1,1,1,1,1,1,1,1,1,1,1,1,1,19
275006,Eng,AdultOther,1,1,1,1,1,1,1,1,1,1,1,1,1,1,1,1,1,1,18
275015,Eng,AdultOther,1,1,1,1,1,2,2,2,1,1,1,1,1,1,1,1,1,1,21
275018,Eng,AdultOther,1,1,1,1,1,2,1,1,1,1,1,1,1,1,1,1,2,1,20
283002,Eng,AdultOther,1,1,1,1,1,1,1,1,1,1,1,1,1,1,1,1,4,1,21
283003,Eng,AdultOther,1,2,1,2,1,1,1,1,1,1,1,1,1,1,1,1,4,3,25
283005,Eng,AdultOther,1,1,1,1,1,1,1,1,1,1,1,1,1,1,1,1,3,1,20
283006,Eng,AdultOther,1,1,1,1,1,1,1,1,1,1,1,1,1,1,1,1,1,1,18
283008,Eng,AdultOther,1,1,1,1,1,1,1,1,1,1,1,1,1,1,1,1,3,1,20
318001,Eng,AdultOther,2,1,1,2,3,3,3,2,1,3,2,1,3,2,1,2,4,2,38
318002,Eng,AdultOther,2,2,2,2,3,2,2,3,1,1,2,2,1,1,1,1,3,2,33
318003,Eng,AdultOther,3,3,2,2,3,2,2,2,1,1,1,1,2,2,1,4,3,3,38
318004,Eng,AdultOther,2,1,2,1,2,2,2,2,1,1,1,1,1,2,1,2,2,2,28
318005,Eng,AdultOther,2,1,1,2,2,2,2,2,1,1,1,1,1,2,1,1,2,2,27
318006,Eng,AdultOther,1,1,1,1,1,1,1,1,1,1,1,1,1,1,1,1,1,1,18
318007,Eng,AdultOther,1,1,1,1,1,1,1,1,1,1,1,1,1,1,1,1,1,1,18
318008,Eng,AdultOther,1,1,1,1,1,1,1,1,1,1,1,1,1,1,1,1,1,2,19
318009,Eng,AdultOther,1,1,1,1,1,1,1,1,1,1,1,1,1,1,1,1,1,1,18
318010,Eng,AdultOther,1,1,2,1,1,2,1,1,1,1,1,1,1,1,1,1,1,1,20
318011,Eng,AdultOther,1,1,1,1,1,1,1,1,1,1,1,1,1,1,1,1,2,1,19
318012,Eng,AdultOther,1,1,1,1,1,1,1,1,1,1,1,1,1,1,1,1,1,1,18
318013,Eng,AdultOther,2,2,1,1,2,2,2,2,1,2,2,2,1,2,1,1,2,2,30
318014,Eng,AdultOther,1,1,2,2,2,2,2,2,1,1,1,1,1,2,1,2,2,2,28
318016,Eng,AdultOther,3,3,2,2,3,2,3,3,1,3,2,1,2,1,2,2,3,2,40
318017,Eng,AdultOther,1,1,1,1,1,1,1,2,1,1,1,1,1,1,1,1,1,1,19
318018,Eng,AdultOther,1,1,1,1,1,1,1,2,1,1,1,1,1,1,1,1,3,1,21
318019,Eng,AdultOther,1,3,3,3,1,2,2,1,1,3,2,2,2,3,2,1,2,1,35
318020,Eng,AdultOther,1,2,2,2,2,1,2,2,2,1,2,1,1,2,1,1,2,1,28
318022,Eng,AdultOther,2,1,2,2,1,2,2,1,3,2,3,3,2,3,2,1,1,2,35
318024,Eng,AdultOther,4,4,4,3,2,2,2,3,3,2,3,3,3,1,1,1,1,2,44
318025,Eng,AdultOther,1,1,1,1,1,1,1,1,1,2,1,1,1,1,1,1,2,2,21
318027,Eng,AdultOther,1,1,1,1,1,1,1,1,1,1,1,1,1,1,1,1,1,1,18
318028,Eng,AdultOther,2,1,1,3,4,4,2,2,3,4,2,2,2,2,3,2,2,3,44
318033,Eng,AdultOther,2,4,1,1,1,2,2,2,1,1,2,2,1,1,1,2,2,2,30
318034,Eng,AdultOther,1,1,1,1,1,1,1,1,1,1,1,1,1,1,1,1,1,1,18
318037,Eng,AdultOther,1,1,1,1,1,1,1,1,1,1,1,1,1,1,1,1,1,1,18
318039,Eng,AdultOther,1,1,1,1,1,1,1,1,1,1,1,1,1,1,1,1,1,1,18
318040,Eng,AdultOther,1,1,1,1,1,1,1,1,1,1,1,1,1,1,1,1,1,1,18
318095,Eng,AdultOther,1,2,2,1,1,1,1,1,1,2,2,1,1,1,1,1,1,1,22
318097,Eng,AdultOther,1,1,1,1,1,1,1,2,1,1,1,1,1,1,1,1,2,1,20
318099,Eng,AdultOther,2,1,2,2,2,2,2,2,2,2,2,2,2,2,2,2,2,2,35
318100,Eng,AdultOther,3,3,3,3,2,2,1,3,3,3,2,2,3,3,2,2,3,1,44
318109,Sp,AdultOthersp,3,2,2,3,2,2,2,2,3,2,3,2,2,2,3,2,2,2,41
318110,Sp,AdultOthersp,1,2,2,2,2,2,2,1,1,1,1,2,2,1,1,1,1,2,27
318111,Sp,AdultOthersp,3,2,2,2,2,1,1,2,1,2,1,3,2,3,3,3,3,1,37
318115,Sp,AdultOthersp,2,1,1,1,1,2,2,2,2,2,2,1,1,1,1,1,1,1,25
318116,Sp,AdultOthersp,2,1,1,2,2,2,2,2,2,1,1,2,1,1,1,1,2,2,28
322001,Eng,AdultOther,1,1,1,1,1,1,1,1,1,1,1,1,1,1,1,1,1,1,18
322002,Eng,AdultOther,1,1,1,1,1,1,1,1,1,1,1,1,1,1,1,1,1,1,18
322003,Eng,AdultOther,1,1,1,1,1,1,1,1,1,1,1,1,1,1,1,1,1,1,18
322004,Eng,AdultOther,1,1,1,1,1,1,1,1,1,1,1,1,1,1,1,1,1,1,18
322007,Eng,AdultOther,1,1,1,1,1,1,1,1,1,1,1,1,1,1,1,1,3,1,20
323044,Eng,AdultOther,1,1,1,1,1,1,1,1,1,1,1,1,1,1,1,1,1,1,18
323046,Eng,AdultOther,1,1,1,1,1,1,1,1,1,1,1,1,1,1,1,1,1,1,18
323049,Eng,AdultOther,2,1,1,1,1,1,1,1,1,1,1,1,1,1,1,1,1,1,19
323051,Eng,AdultOther,1,1,1,1,1,1,1,1,1,1,1,1,1,1,1,1,1,1,18
354041,Eng,AdultOther,1,1,1,1,1,1,1,1,1,1,1,1,1,1,1,1,1,1,18
354042,Eng,AdultOther,1,1,1,1,1,1,1,1,1,1,1,1,1,1,1,1,1,1,18
354043,Eng,AdultOther,1,1,1,1,1,1,1,1,1,1,1,1,1,1,1,1,1,1,18
354045,Eng,AdultOther,1,1,1,1,1,1,1,1,1,1,1,1,1,1,1,1,1,1,18
354046,Eng,AdultOther,1,1,1,1,1,1,1,1,1,1,1,1,1,1,1,1,1,1,18
360003,Eng,AdultOther,1,1,1,1,1,2,1,1,1,1,1,1,1,2,1,1,1,1,20
360008,Eng,AdultOther,1,1,4,2,1,1,1,1,1,1,1,1,1,1,1,1,1,1,22
360009,Eng,AdultOther,1,1,1,1,1,1,2,2,1,2,1,1,1,1,1,1,2,1,22
360012,Eng,AdultOther,1,1,2,1,1,1,1,1,1,1,1,1,4,2,2,3,3,1,28
360014,Eng,AdultOther,1,1,1,1,1,3,1,2,1,1,1,1,1,1,1,2,2,1,23
360016,Eng,AdultOther,1,1,1,1,1,1,1,1,1,1,1,1,1,1,1,1,1,1,18
360017,Eng,AdultOther,1,1,1,1,1,1,1,1,1,1,1,1,1,1,1,1,1,1,18
360020,Eng,AdultOther,1,1,1,1,2,1,1,1,1,1,1,1,1,1,1,1,1,1,19
360023,Eng,AdultOther,1,1,1,1,1,1,1,1,1,1,1,1,1,1,1,1,2,1,19
360025,Eng,AdultOther,2,1,1,1,2,1,1,1,1,1,1,1,1,1,1,1,1,1,20
360028,Eng,AdultOther,1,1,1,1,1,1,1,1,1,1,1,1,1,1,1,1,1,1,18
360031,Eng,AdultOther,1,1,1,1,1,1,1,1,1,1,1,1,1,1,1,1,2,1,19
360032,Eng,AdultOther,1,1,1,1,1,1,1,1,1,1,1,1,1,1,1,1,1,1,18
360059,Eng,AdultOther,1,1,1,1,1,1,1,1,1,1,1,1,1,1,1,1,2,1,19
360070,Eng,AdultOther,1,1,1,1,1,1,1,1,1,1,1,1,1,1,1,1,1,1,18
361001,Eng,AdultOther,1,2,2,1,2,1,1,1,1,1,1,1,1,1,1,2,2,1,23
361002,Eng,AdultOther,1,1,1,1,1,1,1,1,1,1,1,1,1,1,1,1,1,1,18
361004,Eng,AdultOther,1,1,1,1,1,1,2,2,1,1,1,1,2,1,1,1,2,2,23
361009,Eng,AdultOther,1,2,1,1,1,1,1,1,1,1,1,1,1,1,1,1,2,1,20
361014,Eng,AdultOther,2,2,1,2,2,1,2,2,1,1,2,1,1,1,1,1,3,1,27
361015,Eng,AdultOther,1,1,1,1,1,1,1,1,1,1,1,1,2,1,1,2,1,1,20
361036,Eng,AdultOther,1,2,1,1,2,1,2,1,1,1,1,1,1,1,1,1,1,1,21
366004,Sp,AdultOthersp,1,2,1,2,2,2,1,2,1,2,2,2,1,3,1,2,3,2,32
383050,Eng,AdultOther,1,1,1,1,1,1,1,1,1,1,1,1,1,1,1,1,2,1,19
