CollectorNm,RespondentID,CollectorID,StartDate,EndDate,IPAddress,EmailAddress,FirstName,LastName,CustomData1,IDNumber,q0002_0001_0001,q0002_0001_0002,q0002_0001_0003,q0003_0001_0001,q0003_0001_0002,q0003_0001_0003,q0004,Gender,q0006,q0007,q0008,q0009_0001,q0009_0002,q0009_0003,q0009_0004,q0009_0005,q0009_0006,q0009_other,q0010,q0010_other,q0011_0001,q0012_0001,q0013_0001,q0014_0001,q0015_0001,q0016_0001,q0017_0001,q0018_0001,q0019_0001,q0020_0001,q0021_0001,q0022_0001,q0023_0001,q0024_0001,q0025_0001,q0026_0001,q0027_0001,q0028_0001,q0029_0001,count_total
Web Link 1,5257285963,94893521,02/21/2017 12:45:09 PM,02/21/2017 01:04:36 PM,173.8.199.33, , , , ,160001,02,20,2017,02,03,2010,7,Male,1,97333,No, , , , ,White, , ,No, ,Frequently,Frequently,Frequently,Frequently,Never,Occasionally,Never,Never,Never,Occasionally,Never,Never,Never,Never,Occasionally,Occasionally,Never,Never,Occasionally,1
Web Link 1,5257426739,94893521,02/21/2017 02:37:37 PM,02/21/2017 02:39:53 PM,173.8.199.33, , , , ,160004,02,21,2017,08,25,2010,6,Female,1,97333,No, ,Asian, , , , , ,No, ,Always,Always,Always,Always,Never,Occasionally,Never,Never,Never,Occasionally,Never,Never,Never,Never,Never,Never,Never,Occasionally,Never,1
Web Link 1,5257563520,94893521,02/21/2017 04:44:45 PM,02/21/2017 04:46:42 PM,173.8.199.33, , , , ,160002,02,21,2017,02,13,2011,6,Female,K,97333,No, , , , ,White, , ,No, ,Frequently,Always,Always,Frequently,Never,Never,Never,Never,Never,Never,Never,Never,Never,Never,Never,Never,Never,Occasionally,Never,1
Web Link 1,5257646413,94893521,02/21/2017 06:18:22 PM,02/21/2017 06:23:59 PM,173.8.199.33, , , , ,160003,02,21,2017,01,19,2008,9,Male,4,97333,No, , , , ,White, , ,No, ,Occasionally,Occasionally,Occasionally,Occasionally,Occasionally,Frequently,Never,Never,Never,Occasionally,Frequently,Never,Occasionally,Never,Occasionally,Never,Never,Frequently,Never,1
Web Link 1,5258781081,94893521,02/22/2017 11:01:39 AM,02/22/2017 11:03:51 AM,173.8.199.33, , , , ,160005,02,22,2017,09,03,2010,6,Female,K,97330,Yes, ,Asian, , , ,Other (please specify),Hispanic,No, ,Frequently,Always,Frequently,Frequently,Never,Never,Occasionally,Never,Never,Never,Occasionally,Never,Never,Never,Never,Never,Never,Occasionally,Never,1
Web Link 1,5259164238,94893521,02/22/2017 02:55:15 PM,02/22/2017 02:58:14 PM,173.8.199.33, , , , ,160009,02,22,2017,02,10,2008,9,Male,4,97330,Yes, , , , ,White,Other (please specify),Hispanic,Yes,Aspergers,Frequently,Frequently,Frequently,Frequently,Frequently,Frequently,Occasionally,Never,Occasionally,Frequently,Occasionally,Occasionally,Frequently,Frequently,Never,Occasionally,Frequently,Occasionally,Frequently,1
Web Link 1,5275189595,94893521,03/06/2017 09:59:48 AM,03/06/2017 10:01:13 AM,75.170.88.1, , , , ,160006,03,06,2017,08,25,2010,6,Female,K,97333,No, ,Asian, , , , , ,No, ,Always,Always,Always,Always,Never,Never,Never,Never,Never,Never,Never,Never,Never,Never,Never,Never,Never,Never,Never,1
Web Link 1,5275192646,94893521,03/06/2017 10:01:24 AM,03/06/2017 10:03:06 AM,75.170.88.1, , , , ,160007,03,06,2017,02,15,2009,8,Male,3,97333,No,American Indian/Alaska Native, , , , , , ,Yes,HF ASD,Always,Always,Always,Always,Frequently,Occasionally,Never,Never,Never,Frequently,Never,Frequently,Never,Occasionally,Never,Never,Occasionally,Never,Never,1
Web Link 1,5275196310,94893521,03/06/2017 10:03:19 AM,03/06/2017 10:05:02 AM,75.170.88.1, , , , ,160010,03,06,2017,08,28,2008,8,Male,3,97321,Yes, , , , , ,Other (please specify),Hispanic,Yes,High Functioning ASD,Always,Frequently,Always,Frequently,Occasionally,Occasionally,Never,Never,Never,Occasionally,Never,Never,Occasionally,Never,Never,Never,Never,Occasionally,Never,1
Web Link 1,5291681635,94893521,03/17/2017 08:21:10 AM,03/17/2017 08:22:50 AM,216.54.120.67, , , , ,119009,03,17,2017,01,14,2008,9,Female,3,23322,No, ,Asian,Black/African American, , , , ,No, ,Always,Never,Always,Always,Never,Never,Never,Never,Never,Never,Never,Never,Never,Never,Never,Never,Never,Never,Never,1
Web Link 1,5308220608,94893521,03/29/2017 09:11:56 AM,03/29/2017 09:15:11 AM,137.164.121.129, , , , ,134030,03,29,2017,10,09,2008,8,Female,3,94939,No, , , , ,White, , ,No, ,Always,Never,Always,Always,Occasionally,Occasionally,Never,Never,Never,Occasionally,Never,Occasionally,Never,Occasionally,Never,Occasionally,Occasionally,Occasionally,Occasionally,1
Web Link 1,5308228736,94893521,03/29/2017 09:15:41 AM,03/29/2017 09:18:54 AM,137.164.121.129, , , , ,134025,03,29,2017,10,08,2008,8,Male,2,94925,No, , , , ,White, , ,No, ,Frequently,Occasionally,Always,Frequently,Never,Occasionally,Never,Never,Occasionally,Never,Occasionally,Never,Never,Occasionally,Never,Never,Never,Frequently,Never,1
Web Link 1,5308234232,94893521,03/29/2017 09:19:33 AM,03/29/2017 09:21:21 AM,137.164.121.129, , , , ,134026,03,29,2017,01,20,2009,8,Male,2,94939,No, , , , ,White, , ,No, ,Always,Always,Always,Always,Never,Never,Never,Never,Never,Occasionally,Never,Never,Never,Never,Never,Never,Occasionally,Never,Never,1
Web Link 1,5320923079,94893521,04/07/2017 06:37:18 AM,04/07/2017 06:41:05 AM,137.164.121.129, , , , ,134031,04,07,2017,04,05,2011,6,Male,K,94901,No, , , , ,White, , ,No, ,Always,Always,Always,Always,Never,Never,Never,Never,Never,Never,Occasionally,Never,Never,Never,Never,Occasionally,Never,Never,Never,1
Web Link 1,5324209027,94893521,04/10/2017 05:03:38 PM,04/10/2017 05:15:28 PM,70.161.87.103, , , , ,119036,04,10,2017,07,08,2009,7,Female,2,23320,No, , , , ,White, , ,No, ,Always,Always,Always,Always,Never,Never,Never,Never,Never,Never,Never,Never,Never,Never,Never,Never,Never,Never,Never,1
Web Link 1,5324210701,94893521,04/10/2017 05:15:49 PM,04/10/2017 05:17:24 PM,70.161.87.103, , , , ,119035,04,10,2017,09,27,2007,9,Female,4,23320,No, , , , ,White, , ,No, ,Always,Always,Always,Always,Never,Never,Never,Never,Never,Never,Never,Never,Never,Never,Never,Never,Never,Never,Never,1
Web Link 1,5327877768,94893521,04/13/2017 01:37:32 PM,04/13/2017 01:39:18 PM,96.249.234.74, , , , ,119061,04,13,2017,07,13,2009,7,Male,1,23455,No, , , , ,White, , ,No, ,Always,Always,Always,Always,Never,Never,Never,Never,Never,Never,Never,Never,Never,Never,Never,Never,Never,Never,Never,1
Web Link 1,5327880245,94893521,04/13/2017 01:39:43 PM,04/13/2017 01:40:55 PM,96.249.234.74, , , , ,119060,04,13,2017,09,29,2006,10,Female,4,23455,No, , , , ,White, , ,No, ,Always,Always,Always,Always,Never,Never,Never,Never,Never,Never,Never,Never,Never,Never,Never,Never,Never,Never,Never,1
Web Link 1,5328951208,94893521,04/14/2017 08:09:07 PM,04/14/2017 09:10:21 PM,24.254.192.155, , , , ,119073,04,14,2017,06,23,2011,5,Female,1,23703,No, , ,Black/African American, , , , ,No, ,Always,Always,Always,Always,Never,Never,Never,Never,Never,Never,Never,Never,Never,Never,Never,Never,Never,Never,Never,1
Web Link 1,5341329503,94893521,04/27/2017 09:19:28 AM,04/19/2019 07:29:42 AM,24.155.30.147, , , , ,141102,04,27,2017,01,15,2009,8,Female,2,76643,No,American Indian/Alaska Native, , , ,White, , ,No, ,Frequently,Always,Frequently,Frequently,Never,Never,Never,Never,Never,Never,Occasionally,Never,Never,Never,Never,Never,Never,Never,Never,1
Web Link 1,5346808250,94893521,05/02/2017 05:19:03 AM,05/02/2017 08:29:48 AM,24.227.200.250, , , , ,141134,05,02,2016,10,06,2005,11,Female,5,76708,No, , , , ,White, , ,No, ,Always,Never,Always,Frequently,Never,Occasionally,Never,Never,Never,Never,Never,Never,Never,Never,Never,Never,Never,Never,Never,1
Web Link 1,5346825771,94893521,05/02/2017 08:38:46 AM,05/02/2017 08:40:42 AM,24.227.200.250, , , , ,141137,05,02,2017,03,24,2011,6,Female,K,76708,No, , , , ,White, , ,No, ,Frequently,Frequently,Always,Always,Never,Occasionally,Never,Never,Never,Never,Never,Never,Never,Never,Never,Occasionally,Occasionally,Never,Never,1
Web Link 1,5346932975,94893521,05/02/2017 08:41:31 AM,04/19/2019 07:30:02 AM,24.227.200.250, , , , ,141136,05,02,2017,02,16,2007,10,Female,4,76708,No, , , , ,White, , ,No, ,Always,Always,Always,Frequently,Never,Occasionally,Never,Never,Never,Never,Never,Never,Never,Never,Never,Never,Never,Never,Never,1
Web Link 1,5349316750,94893521,05/04/2017 09:05:32 AM,05/04/2017 10:02:04 AM,24.155.30.147, , , , ,141149,05,04,2017,06,29,2009,7,Female,2,76657,No, , , , ,White, , ,No, ,Frequently,Never,Always,Frequently,Never,Never,Never,Never,Occasionally,Never,Never,Never,Never,Never,Never,Never,Never,Never,Never,1
Web Link 1,5349388285,94893521,05/04/2017 10:02:38 AM,05/04/2017 10:05:52 AM,24.155.30.147, , , , ,141161,05,04,2017,06,25,2009,7,Female,2,76707,No, , , , ,White, , ,No, ,Occasionally,Never,Frequently,Frequently,Never,Never,Occasionally,Never,Frequently,Never,Never,Never,Occasionally,Never,Never,Occasionally,Never,Occasionally,Occasionally,1
Web Link 1,5350349593,94893521,05/05/2017 08:34:14 AM,05/05/2017 08:38:15 AM,24.155.30.147, , , , ,141163,05,05,2017,12,25,2008,8,Male,2,76657,No, , , , ,White, , ,No, ,Always,Never,Always,Frequently,Never,Never,Never,Never,Never,Never,Never,Never,Never,Never,Never,Occasionally,Never,Never,Occasionally,1
Web Link 1,5350353396,94893521,05/05/2017 08:38:26 AM,05/05/2017 08:40:50 AM,24.155.30.147, , , , ,141166,05,05,2017,09,20,2008,8,Female,2,76643,No, , , , ,White, , ,No, ,Frequently,Never,Always,Frequently,Never,Never,Never,Never,Occasionally,Never,Never,Never,Never,Never,Never,Never,Never,Never,Never,1
Web Link 1,5350356872,94893521,05/05/2017 08:41:00 AM,05/05/2017 08:44:10 AM,24.155.30.147, , , , ,141167,05,05,2017,12,29,2008,8,Male,2,76701,No, , , , ,White, , ,No, ,Always,Always,Always,Frequently,Never,Never,Never,Never,Never,Never,Never,Never,Never,Never,Never,Never,Never,Never,Never,1
Web Link 1,5350494084,94893521,05/05/2017 08:45:47 AM,05/05/2017 10:43:07 AM,24.155.30.147, , , , ,141168,05,05,2017,04,11,2008,9,Male,2,76710,No, , , , ,White, , ,No, ,Occasionally,Occasionally,Frequently,Frequently,Occasionally,Occasionally,Occasionally,Occasionally,Frequently,Never,Occasionally,Never,Occasionally,Never,Never,Occasionally,Occasionally,Frequently,Frequently,1
Web Link 1,5354605343,94893521,05/10/2017 10:05:52 AM,05/10/2017 10:16:43 AM,24.155.30.147, , , , ,141174,05,10,2017,01,22,2009,8,Female,2,76633,No, , , , ,White, , ,No, ,Always,Never,Always,Always,Never,Never,Never,Never,Never,Never,Never,Never,Never,Never,Never,Never,Never,Never,Never,1
Web Link 1,5354611961,94893521,05/10/2017 10:16:57 AM,05/10/2017 10:21:28 AM,24.155.30.147, , , , ,141175,05,10,2017,03,04,2009,8,Male,2,76708,No, , , , ,White, , ,No, ,Frequently,Never,Frequently,Frequently,Never,Never,Never,Never,Occasionally,Never,Occasionally,Never,Never,Never,Never,Occasionally,Never,Never,Occasionally,1
Web Link 1,5354746422,94893521,05/10/2017 12:21:44 PM,05/10/2017 12:24:11 PM,24.227.200.250, , , , ,141135,05,10,2017,07,11,2008,8,Male,3,76708,No, , , , ,White, , ,No, ,Always,Always,Always,Always,Never,Never,Never,Never,Occasionally,Never,Never,Never,Never,Never,Never,Occasionally,Never,Never,Occasionally,1
Web Link 1,5355343874,94893521,05/11/2017 05:21:16 AM,05/11/2017 05:23:53 AM,24.227.200.250, , , , ,141145,05,11,2017,06,06,2006,10,Male,5,76708,No, , , , ,White, , ,No, ,Always,Frequently,Always,Frequently,Never,Occasionally,Never,Never,Never,Occasionally,Never,Never,Never,Never,Never,Never,Never,Occasionally,Never,1
Web Link 1,5355443292,94893521,05/11/2017 07:05:03 AM,05/11/2017 07:12:34 AM,24.227.200.250, , , , ,141140,05,11,2017,09,16,2008,8,Male,2,76708,No, , , , ,White, , ,No, ,Always,Frequently,Always,Never,Never,Occasionally,Never,Never,Never,Never,Never,Never,Never,Never,Never,Never,Never,Never,Never,1
Web Link 1,5355651298,94893521,05/11/2017 10:06:56 AM,05/11/2017 10:09:56 AM,24.227.200.250, , , , ,141144,05,11,2017,05,16,2006,10,Female,5,76708,Yes, , , , , ,Other (please specify),hispanic,No, ,Always,Frequently,Always,Always,Never,Occasionally,Never,Never,Never,Never,Never,Never,Never,Never,Never,Never,Never,Never,Never,1
Web Link 1,5355707270,94893521,05/11/2017 11:01:53 AM,04/19/2019 07:31:45 AM,24.227.200.250, , , , ,141139,05,11,2017,01,25,2011,6,Female,K,76708,No, , , , ,White, , ,No, ,Always,Always,Always,Always,Never,Occasionally,Never,Never,Never,Never,Never,Never,Never,Never,Never,Never,Never,Never,Never,1
Web Link 1,5355722468,94893521,05/11/2017 11:16:02 AM,04/19/2019 07:33:48 AM,24.227.200.250, , , , ,141142,05,11,2017,09,29,2006,10,Male,4,76708,No, , , , ,White, , ,No, ,Always,Frequently,Always,Frequently,Never,Never,Never,Never,Never,Never,Never,Never,Never,Never,Never,Never,Never,Never,Never,1
Web Link 1,5355740444,94893521,05/11/2017 11:27:23 AM,05/11/2017 11:35:15 AM,24.227.200.250, , , , ,141143,05,11,2017,09,30,2006,10,Female,4,76705,Yes, , , , , ,Other (please specify),hispanic,No, ,Always,Always,Always,Always,Never,Occasionally,Never,Never,Never,Never,Never,Never,Never,Never,Never,Never,Never,Never,Never,1
Web Link 1,5355744745,94893521,05/11/2017 11:37:35 AM,05/11/2017 11:40:04 AM,24.227.200.250, , , , ,141141,05,11,2017,04,29,2007,10,Male,4,76708,No, , , , ,White, , ,No, ,Frequently,Frequently,Frequently,Frequently,Never,Never,Never,Never,Occasionally,Never,Never,Never,Never,Never,Never,Never,Never,Never,Never,1
Web Link 1,5355799637,94893521,05/11/2017 12:31:44 PM,05/11/2017 12:39:47 PM,24.227.200.250, , , , ,141147,05,11,2017,09,01,2006,10,Female,5,76708,No, , , , ,White, , ,No, ,Always,Always,Always,Always,Never,Occasionally,Never,Never,Never,Never,Never,Never,Never,Never,Never,Never,Never,Never,Never,1
Web Link 1,5356507569,94893521,05/12/2017 08:29:28 AM,05/12/2017 08:32:22 AM,24.155.30.147, , , , ,141177,05,12,2017,07,19,2008,8,Male,2,76712,No, , , , ,White, , ,No, ,Frequently,Frequently,Frequently,Occasionally,Never,Never,Never,Never,Occasionally,Never,Occasionally,Never,Never,Never,Never,Occasionally,Never,Occasionally,Occasionally,1
Web Link 1,5359503092,94893521,05/16/2017 11:41:34 AM,05/16/2017 11:44:46 AM,24.155.30.147, , , , ,141184,05,16,2017,03,24,2009,8,Female,2,76706,No, , , , ,White, , ,No, ,Frequently,Frequently,Frequently,Frequently,Never,Never,Never,Never,Never,Never,Never,Never,Never,Never,Never,Never,Never,Never,Never,1
Web Link 1,5360397249,94893521,05/17/2017 10:24:32 AM,05/17/2017 10:31:12 AM,204.186.115.14, , , , ,144033,05,17,2017,07,04,2009,7,Male,2,08865,Yes, , , , ,White, , ,No, ,Always,Always,Always,Always,Never,Never,Never,Never,Never,Never,Never,Never,Never,Never,Never,Occasionally,Never,Never,Occasionally,1
Web Link 1,5360401783,94893521,05/17/2017 10:31:39 AM,05/17/2017 10:34:47 AM,204.186.115.14, , , , ,144032,05,17,2017,08,31,2009,7,Male,2,08865,No, , , , ,White, , ,No, ,Frequently,Always,Always,Frequently,Never,Occasionally,Never,Occasionally,Never,Never,Never,Never,Never,Never,Never,Occasionally,Occasionally,Never,Occasionally,1
Web Link 1,5360404891,94893521,05/17/2017 10:35:24 AM,05/17/2017 10:37:35 AM,204.186.115.14, , , , ,144031,05,17,2017,03,16,2010,7,Female,1,08865,No, , , , ,White, , ,No, ,Always,Always,Always,Always,Never,Never,Never,Never,Never,Never,Never,Never,Never,Never,Never,Never,Never,Never,Never,1
Web Link 1,5360407372,94893521,05/17/2017 10:37:53 AM,05/17/2017 10:40:16 AM,204.186.115.14, , , , ,144030,05,17,2017,04,28,2010,7,Male,1,08865,Yes, , , , ,White, , ,No, ,Frequently,Always,Always,Frequently,Never,Occasionally,Never,Occasionally,Never,Never,Never,Never,Never,Never,Never,Occasionally,Occasionally,Never,Occasionally,1
Web Link 1,5360409969,94893521,05/17/2017 10:40:34 AM,05/17/2017 10:42:33 AM,204.186.115.14, , , , ,144029,05,17,2017,02,23,2010,7,Male,1,08865,No, , , , ,White, , ,No, ,Always,Always,Always,Always,Never,Occasionally,Never,Occasionally,Never,Never,Never,Never,Never,Never,Never,Occasionally,Never,Never,Occasionally,1
Web Link 1,5360412605,94893521,05/17/2017 10:42:45 AM,05/17/2017 10:44:42 AM,204.186.115.14, , , , ,144028,05,17,2017,05,21,2009,7,Female,2,08865,No, , , , ,White, , ,No, ,Always,Always,Always,Always,Never,Never,Never,Never,Never,Never,Never,Never,Never,Never,Never,Never,Never,Never,Never,1
Web Link 1,5360414583,94893521,05/17/2017 10:44:53 AM,04/19/2019 08:11:07 AM,204.186.115.14, , , , ,144027,05,17,2017,11,14,2008,8,Female,2,08865,Yes, , , , ,White, , ,No, ,Always,Always,Always,Always,Never,Never,Never,Never,Never,Never,Never,Never,Never,Never,Never,Never,Never,Never,Never,1
Web Link 1,5360416558,94893521,05/17/2017 10:47:04 AM,04/19/2019 08:10:45 AM,204.186.115.14, , , , ,144026,05,17,2017,03,17,2010,7,Male,1,08865,Yes, , , , ,White, , ,No, ,Always,Always,Always,Always,Never,Never,Never,Never,Never,Never,Never,Never,Never,Never,Never,Never,Never,Never,Never,1
Web Link 1,5360418602,94893521,05/17/2017 10:49:04 AM,05/17/2017 10:51:23 AM,204.186.115.14, , , , ,144020,05,17,2017,07,27,2010,6,Female,1,08865,No, , , , ,White, , ,No, ,Frequently,Frequently,Always,Always,Never,Occasionally,Never,Never,Never,Never,Never,Never,Never,Never,Never,Never,Never,Never,Never,1
Web Link 1,5360421791,94893521,05/17/2017 10:51:46 AM,05/17/2017 10:53:32 AM,204.186.115.14, , , , ,144019,05,17,2017,08,28,2009,7,Female,2,08865,Yes, , , , ,White, , ,No, ,Always,Always,Always,Always,Never,Occasionally,Never,Never,Never,Never,Never,Never,Never,Never,Never,Never,Never,Never,Never,1
Web Link 1,5360424376,94893521,05/17/2017 10:53:59 AM,05/17/2017 10:56:01 AM,204.186.115.14, , , , ,144018,05,17,2017,09,08,2009,7,Female,2,08865,No, , , , ,White, , ,No, ,Frequently,Always,Always,Always,Never,Occasionally,Never,Never,Never,Never,Never,Never,Never,Never,Never,Never,Never,Never,Never,1
Web Link 1,5360430883,94893521,05/17/2017 10:56:56 AM,05/17/2017 11:02:27 AM,204.186.115.14, , , , ,144038,05,17,2017,05,04,2009,8,Male,2,08865,No, , , , ,White, , ,No, ,Always,Always,Always,Always,Never,Never,Never,Never,Never,Never,Never,Never,Never,Never,Never,Never,Never,Never,Never,1
Web Link 1,5360432985,94893521,05/17/2017 11:02:35 AM,05/17/2017 11:04:32 AM,204.186.115.14, , , , ,144039,05,17,2017,04,22,2010,7,Male,1,08865,No, , , , ,White, , ,No, ,Always,Always,Always,Always,Never,Never,Never,Never,Never,Never,Never,Never,Never,Never,Never,Never,Never,Never,Never,1
Web Link 1,5360435433,94893521,05/17/2017 11:04:46 AM,05/17/2017 11:18:38 AM,204.186.115.14, , , , ,144046,05,17,2017,11,22,2008,8,Male,2,08865,No, , ,Black/African American, ,White, , ,No, ,Always,Always,Always,Always,Never,Never,Never,Never,Never,Never,Never,Never,Never,Never,Never,Never,Never,Never,Never,1
Web Link 1,5360449855,94893521,05/17/2017 11:19:09 AM,05/17/2017 11:21:04 AM,204.186.115.14, , , , ,144047,05,17,2017,02,19,2009,8,Female,2,08865,No, , , , ,White, , ,No, ,Always,Always,Always,Always,Never,Never,Never,Never,Never,Never,Never,Never,Never,Never,Never,Never,Never,Never,Never,1
Web Link 1,5360686584,94893521,05/17/2017 04:14:29 PM,04/19/2019 07:41:55 AM,76.0.75.12, , , , ,141180,05,17,2017,05,18,2011,5,Female,K,76633,Yes, , , , ,White, , ,No, ,Frequently,Always,Always,Always,Occasionally,Occasionally,Never,Never,Occasionally,Occasionally,Never,Never,Never,Never,Never,Occasionally,Never,Occasionally,Never,1
Web Link 1,5360693524,94893521,05/17/2017 04:27:05 PM,04/19/2019 07:41:35 AM,76.0.75.12, , , , ,141179,05,17,2017,05,18,2011,5,Male,K,76633,Yes, , , , ,White, , ,No, ,Frequently,Always,Always,Always,Always,Never,Never,Never,Never,Never,Never,Never,Never,Never,Never,Occasionally,Never,Occasionally,Never,1
Web Link 1,5361371661,94893521,05/18/2017 10:44:19 AM,05/18/2017 10:46:26 AM,24.227.200.250, , , , ,141146,05,18,2017,05,04,2009,8,Male,2,76708,No, , , , ,White, , ,No, ,Frequently,Always,Always,Always,Never,Never,Never,Never,Never,Never,Never,Never,Never,Never,Never,Never,Never,Never,Never,1
Web Link 1,5362003246,94893521,05/19/2017 06:03:20 AM,04/18/2019 02:12:37 PM,70.174.114.209, , , , ,119005,05,19,2017,11,11,2010,6,Female,K,23455,No, , , , ,White, , ,No, ,Always,Always,Always,Always,Never,Never,Never,Never,Never,Never,Never,Never,Never,Never,Never,Never,Never,Never,Never,1
Web Link 1,5362375661,94893521,05/19/2017 12:55:03 PM,04/19/2019 07:40:41 AM,24.227.200.250, , , , ,141172,05,19,2017,07,09,2007,9,Female,4,76708,No, , , , ,White, , ,No, ,Always,Frequently,Frequently,Frequently,Never,Never,Never,Never,Never,Never,Never,Never,Never,Never,Never,Never,Never,Never,Never,1
Web Link 1,5362378959,94893521,05/19/2017 01:00:30 PM,04/19/2019 07:39:07 AM,24.227.200.250, , , , ,141171,05,19,2017,04,27,2011,6,Female,K,76708,No, , , , ,White, , ,No, ,Always,Always,Always,Always,Never,Never,Never,Never,Never,Never,Never,Never,Never,Never,Never,Never,Never,Never,Never,1
Web Link 1,5362738040,94893521,05/20/2017 06:10:32 AM,04/19/2019 07:22:02 AM,70.174.114.209, , , , ,119068,05,20,2017,11,26,2006,10,Female,4,23701,No, , ,Black/African American, , , , ,No, ,Always,Always,Always,Always,Never,Never,Never,Never,Never,Never,Never,Never,Never,Occasionally,Never,Never,Never,Never,Never,1
Web Link 1,5362938687,94893521,05/20/2017 02:54:09 PM,05/22/2017 10:41:38 AM,70.174.114.209, , , , ,119066,05,20,2017,04,23,2007,9,Male,4,23666,No, , ,Black/African American, , , , ,No, ,Always,Always,Always,Occasionally,Never,Never,Never,Never,Never,Never,Never,Never,Never,Never,Never,Never,Never,Never,Occasionally,1
Web Link 1,5362958148,94893521,05/20/2017 04:01:58 PM,04/19/2019 07:20:20 AM,70.174.114.209, , , , ,119065,05,20,2017,02,03,2009,8,Male,2,23666,No, , ,Black/African American, , , , ,No, ,Always,Always,Always,Never,Never,Never,Never,Never,Never,Never,Never,Occasionally,Never,Never,Never,Never,Never,Never,Never,1
Web Link 1,5363173652,94893521,05/21/2017 06:10:18 AM,05/22/2017 10:39:56 AM,70.174.114.209, , , , ,119051,05,05,2017,06,30,2007,9,Female,3,23707,No, , , , ,White, , ,No, ,Always,Always,Always,Always,Never,Frequently,Never,Never,Never,Occasionally,Never,Never,Never,Occasionally,Never,Never,Never,Never,Never,1
Web Link 1,5363384432,94893521,05/21/2017 03:03:18 PM,04/19/2019 07:31:18 AM,76.0.75.12, , , , ,141138,05,21,2017,04,25,2007,10,Female,4,76708,No, , , , ,White, , ,No, ,Always,Always,Always,Frequently,Never,Occasionally,Never,Occasionally,Never,Never,Never,Never,Never,Never,Never,Never,Never,Never,Never,1
Web Link 1,5368674277,94893521,05/26/2017 10:37:51 AM,05/26/2017 10:41:06 AM,204.186.115.14, , , , ,144058,05,26,2017,08,31,2009,7,Female,2,08865,No, , , , ,White, , ,No, ,Always,Always,Always,Always,Never,Never,Never,Frequently,Never,Never,Never,Never,Never,Never,Never,Occasionally,Occasionally,Never,Occasionally,1
Web Link 1,5374447722,94893521,06/04/2017 02:45:41 PM,04/19/2019 07:24:36 AM,70.161.95.89, , , , ,119076,06,04,2017,11,03,2004,12,Male,6,23707,No, , ,Black/African American, , , , ,No, ,Occasionally,Frequently,Frequently,Never,Never,Never,Never,Never,Never,Never,Never,Occasionally,Never,Never,Never,Occasionally,Never,Never,Occasionally,1
Web Link 1,5376038730,94893521,06/06/2017 01:54:06 PM,06/06/2017 01:56:37 PM,70.174.114.209, , , , ,119070,06,06,2017,02,20,2010,7,Female,1,23707,No, , , , ,White, , ,No, ,Always,Always,Always,Always,Never,Never,Never,Never,Never,Never,Never,Occasionally,Never,Never,Never,Never,Never,Never,Never,1
Web Link 1,5384930445,94893521,06/20/2017 02:10:35 PM,06/20/2017 02:13:43 PM,71.54.97.97, , , , ,141148,06,20,2017,05,27,2009,8,Female,2,76708,No, , , , ,White, , ,No, ,Always,Always,Always,Always,Never,Never,Never,Never,Never,Never,Never,Never,Never,Never,Never,Never,Never,Occasionally,Never,1
Web Link 1,5388003850,94893521,06/26/2017 08:06:27 AM,04/18/2019 02:13:47 PM,216.54.120.67, , , , ,119015,06,26,2017,05,14,2005,12,Female,6,23704,No, , ,Black/African American, , , , ,No, ,Always,Always,Always,Always,Never,Never,Never,Never,Never,Occasionally,Never,Never,Never,Never,Never,Never,Never,Never,Never,1
Web Link 1,5388996614,94893521,06/27/2017 03:13:48 PM,04/19/2019 07:13:16 AM,24.254.192.155, , , , ,119030,06,27,2017,12,05,2009,7,Male,1,23707,Yes, , , , ,White, , ,No, ,Frequently,Frequently,Frequently,Frequently,Never,Never,Never,Never,Never,Never,Never,Never,Never,Never,Never,Never,Never,Never,Never,1
Web Link 1,5389024438,94893521,06/27/2017 04:24:47 PM,06/27/2017 04:29:21 PM,24.254.192.155, , , , ,119033,06,27,2017,03,22,2010,7,Female,1,23707,No, , , , ,White, , ,No, ,Always,Always,Always,Always,Never,Never,Never,Never,Never,Never,Never,Never,Never,Never,Never,Never,Never,Never,Never,1
Web Link 1,5389748761,94893521,06/28/2017 06:04:07 PM,06/28/2017 06:06:48 PM,108.11.161.4, , , , ,119008,06,28,2017,11,28,2004,12,Female,8,23430,No, , ,Black/African American, , , , ,No, ,Always,Always,Always,Always,Never,Never,Never,Occasionally,Never,Never,Never,Never,Never,Never,Never,Never,Never,Never,Never,1
Web Link 1,5390266728,94893521,06/29/2017 11:49:17 AM,04/19/2019 07:14:27 AM,216.54.120.67, , , , ,119031,06,29,2017,03,16,2011,6,Female,K,23707,Yes, , , , ,White, , ,No, ,Always,Always,Always,Always,Never,Occasionally,Never,Never,Never,Never,Never,Occasionally,Never,Occasionally,Never,Never,Never,Never,Never,1
Web Link 1,5390320908,94893521,06/29/2017 01:05:15 PM,06/29/2017 01:07:31 PM,216.54.120.67, , , , ,119032,06,28,2017,09,09,2011,5,Female,K,23707,No, , , , ,White, , ,No, ,Always,Always,Always,Always,Never,Occasionally,Never,Never,Never,Occasionally,Never,Occasionally,Never,Never,Never,Never,Never,Never,Never,1
Web Link 1,5427766811,94893521,09/14/2017 04:50:47 PM,09/14/2017 04:53:10 PM,70.174.114.209, , , , ,119027,09,14,2017,05,14,2008,9,Female,3,23664,No, , , , ,White, , ,No, ,Always,Always,Always,Always,Never,Never,Never,Never,Never,Never,Never,Never,Never,Never,Never,Never,Never,Never,Never,1
Web Link 1,5430910630,94893521,09/21/2017 02:20:48 PM,09/21/2017 02:23:19 PM,70.174.114.209, , , , ,119040,09,21,2017,03,19,2011,6,Male,K,23701,No, , ,Black/African American, , , , ,No, ,Always,Always,Always,Always,Never,Never,Never,Never,Never,Never,Never,Never,Never,Never,Never,Never,Never,Never,Never,1
Web Link 1,5433559218,94893521,09/27/2017 12:29:22 PM,09/27/2017 12:31:32 PM,216.54.120.89, , , , ,119038,09,27,2017,07,19,2009,8,Female,2,23701,No, , , , ,White, , ,No, ,Always,Always,Always,Always,Never,Never,Never,Never,Never,Never,Never,Never,Never,Never,Never,Never,Never,Never,Never,1
Web Link 1,5436384333,94893521,10/03/2017 08:53:25 PM,10/03/2017 09:01:02 PM,32.216.199.31, , , , ,193026,10,03,2017,10,11,2006,10,Male,5,04740,No, , , , ,White, , ,No, ,Always,Never,Frequently,Frequently,Never,Never,Never,Occasionally,Never,Occasionally,Never,Never,Never,Never,Never,Never,Never,Never,Occasionally,1
Web Link 1,5436387560,94893521,10/03/2017 09:02:10 PM,10/03/2017 09:17:37 PM,32.216.199.31, , , , ,193025,10,04,2017,04,15,2009,8,Male,3,04740,No, , , , ,White, , ,No, ,Frequently,Never,Always,Frequently,Never,Never,Never,Occasionally,Never,Occasionally,Never,Never,Never,Never,Never,Never,Never,Never,Occasionally,1
Web Link 1,5437178717,94893521,10/05/2017 08:32:00 AM,10/06/2017 09:28:23 AM,24.228.193.173, , , , ,193024,10,05,2017,09,02,2005,12,Male,6,04740,No, , , , ,White, , ,No, ,Always,Never,Always,Always,Never,Never,Never,Never,Never,Never,Never,Never,Never,Never,Never,Never,Never,Never,Occasionally,1
Web Link 1,5437190415,94893521,10/05/2017 08:50:30 AM,10/05/2017 08:59:36 AM,24.228.193.173, , , , ,193023,10,05,2017,02,25,2012,5,Male,K,04740,No, , , , ,White, , ,No, ,Always,Always,Frequently,Always,Never,Never,Never,Never,Occasionally,Never,Never,Never,Never,Never,Never,Occasionally,Occasionally,Never,Frequently,1
Web Link 1,5437196284,94893521,10/05/2017 09:03:27 AM,10/06/2017 08:10:24 AM,24.228.193.173, , , , ,193022,10,05,2017,05,07,2011,6,Male,1,04740,No, , , , ,White, , ,No, ,Always,Never,Always,Always,Never,Never,Never,Occasionally,Never,Occasionally,Never,Never,Never,Never,Never,Occasionally,Occasionally,Never,Occasionally,1
Web Link 1,5437713615,94893521,10/06/2017 08:37:11 AM,10/06/2017 08:43:15 AM,24.228.193.173, , , , ,193021,10,06,2017,06,29,2009,8,Male,3,04740,No, , , , ,White, , ,No, ,Always,Always,Always,Always,Never,Occasionally,Never,Never,Never,Occasionally,Never,Never,Never,Never,Never,Occasionally,Occasionally,Never,Occasionally,1
Web Link 1,5437871140,94893521,10/06/2017 01:49:14 PM,10/06/2017 02:00:11 PM,32.216.216.201, , , , ,193020,10,06,2017,05,31,2006,11,Female,6,04740,No, , , , ,White, , ,No, ,Always,Never,Always,Always,Never,Never,Never,Never,Never,Occasionally,Never,Never,Never,Never,Never,Never,Never,Never,Never,1
Web Link 1,5437874022,94893521,10/06/2017 02:01:12 PM,11/02/2017 07:28:00 AM,32.216.216.201, , , , ,193018,10,06,2017,03,16,2006,11,Male,6,04740,No, , , , ,White, , ,No, ,Always,Never,Always,Always,Never,Never,Never,Never,Never,Occasionally,Never,Never,Never,Never,Never,Occasionally,Occasionally,Never,Occasionally,1
Web Link 1,5444916204,94893521,10/23/2017 08:45:26 AM,10/23/2017 09:02:43 AM,208.84.138.92, , , , ,189051,10,23,2017,04,14,2011,6,Female,1,76209,No, , , , ,White, , ,No, ,Frequently,Never,Frequently,Frequently,Never,Never,Never,Never,Never,Never,Never,Never,Never,Never,Never,Never,Never,Occasionally,Never,1
Web Link 1,5445408639,94893521,10/24/2017 07:33:02 AM,10/24/2017 08:37:22 AM,208.84.138.51, , , , ,189053,10,24,2017,05,09,2012,5,Female,K,76210,No, , , , ,White, , ,No, ,Frequently,Always,Always,Frequently,Never,Never,Occasionally,Never,Occasionally,Never,Never,Never,Never,Occasionally,Never,Occasionally,Occasionally,Occasionally,Occasionally,1
Web Link 1,5446425920,94893521,10/26/2017 06:56:24 AM,11/02/2017 07:27:31 AM,169.244.31.34, , , , ,193019,10,26,2017,06,08,2009,8,Male,3,04740,No, , , , ,White, , ,No, ,Frequently,Never,Frequently,Frequently,Never,Never,Occasionally,Never,Occasionally,Never,Occasionally,Occasionally,Never,Never,Never,Occasionally,Occasionally,Never,Occasionally,1
Web Link 1,5446429214,94893521,10/26/2017 07:03:12 AM,10/26/2017 07:15:52 AM,169.244.31.34, , , , ,193017,10,26,2017,04,08,2008,9,Male,4,04758,No, , , , ,White, , ,No, ,Frequently,Never,Always,Always,Never,Occasionally,Occasionally,Never,Never,Never,Never,Never,Never,Never,Never,Occasionally,Never,Occasionally,Occasionally,1
Web Link 1,5446438908,94893521,10/26/2017 07:18:45 AM,10/26/2017 07:25:11 AM,169.244.31.34, , , , ,193016,10,26,2017,10,20,2005,12,Female,6,04758,No, , , , ,White, , ,No, ,Always,Always,Frequently,Always,Never,Never,Never,Never,Never,Never,Never,Never,Never,Never,Never,Never,Occasionally,Never,Occasionally,1
Web Link 1,5446443895,94893521,10/26/2017 07:30:31 AM,10/26/2017 07:34:40 AM,169.244.31.34, , , , ,193015,10,26,2017,11,30,2010,6,Male,1,04758,No, , , , ,White, , ,No, ,Frequently,Always,Always,Always,Never,Occasionally,Occasionally,Never,Never,Never,Never,Never,Never,Never,Never,Occasionally,Occasionally,Never,Occasionally,1
Web Link 1,5450072848,94893521,11/03/2017 11:29:48 AM,04/19/2019 08:20:43 AM,208.84.138.92, , , , ,189062,11,03,2017,06,09,2008,9,Female,4,76210,Yes, , , , ,White, , ,Yes,Anxiety,Frequently,Always,Always,Always,Never,Never,Never,Never,Never,Never,Never,Never,Never,Never,Never,Never,Never,Occasionally,Never,1
Web Link 1,5450083658,94893521,11/03/2017 11:32:58 AM,11/03/2017 11:54:44 AM,208.84.138.92, , , , ,189064,11,03,2017,02,14,2012,5,Female,K,76209,No, , , , ,White, , ,No, ,Always,Never,Always,Always,Never,Never,Never,Never,Never,Never,Never,Never,Never,Never,Never,Never,Never,Never,Never,1
Web Link 1,5453478479,94893521,11/11/2017 09:14:02 AM,11/11/2017 09:17:11 AM,98.13.80.246, , , , ,193068,11,11,2017,07,10,2008,9,Female,3,04740,No, , , , ,White, , ,No, ,Always,Always,Always,Always,Never,Never,Never,Never,Never,Never,Never,Never,Never,Never,Never,Never,Occasionally,Never,Occasionally,1
Web Link 1,5453479556,94893521,11/11/2017 09:17:50 AM,11/11/2017 09:20:52 AM,98.13.80.246, , , , ,193069,11,11,2017,06,26,2006,11,Female,6,04740,No, , , , ,White, , ,No, ,Always,Always,Always,Always,Never,Never,Never,Never,Never,Never,Never,Never,Never,Never,Never,Never,Occasionally,Never,Occasionally,1
Web Link 1,5453481359,94893521,11/11/2017 09:21:39 AM,11/11/2017 09:26:57 AM,98.13.80.246, , , , ,193070,11,11,2017,05,18,2006,11,Female,6,04786,No, , , , ,White, , ,No, ,Always,Always,Always,Always,Never,Never,Never,Never,Never,Never,Never,Never,Never,Never,Never,Never,Never,Never,Never,1
Web Link 1,5493589041,94893521,02/26/2018 10:31:17 AM,02/26/2018 10:38:24 AM,24.227.200.250, , , , ,141246,02,26,2018,06,01,2012,5,Female,K,76708,No, , , , ,White, , ,No, ,Frequently,Frequently,Always,Occasionally,Frequently,Never,Never,Never,Occasionally,Never,Occasionally,Never,Never,Never,Never,Frequently,Frequently,Occasionally,Occasionally,1
Web Link 1,5493592463,94893521,02/26/2018 10:38:54 AM,02/26/2018 10:45:30 AM,24.227.200.250, , , , ,141247,02,26,2018,12,28,2011,6,Male,K,76708,No, , , , ,White, , ,No, ,Always,Always,Always,Always,Never,Never,Never,Never,Never,Never,Occasionally,Never,Never,Never,Never,Occasionally,Occasionally,Never,Never,1
Web Link 1,5493950838,94893521,02/27/2018 08:07:11 AM,02/27/2018 08:09:37 AM,24.227.200.250, , , , ,141248,02,28,2018,06,18,2012,5,Male,K,76708,No, , , , ,White, , ,No, ,Occasionally,Frequently,Frequently,Occasionally,Frequently,Occasionally,Frequently,Frequently,Occasionally,Frequently,Occasionally,Occasionally,Frequently,Occasionally,Occasionally,Frequently,Frequently,Frequently,Frequently,1
Web Link 1,5493951956,94893521,02/27/2018 08:09:56 AM,02/27/2018 08:11:48 AM,24.227.200.250, , , , ,141249,02,28,2018,04,13,2012,5,Male,K,76708,No, , , , ,White, , ,No, ,Frequently,Occasionally,Occasionally,Frequently,Occasionally,Occasionally,Occasionally,Frequently,Frequently,Occasionally,Frequently,Occasionally,Never,Occasionally,Occasionally,Frequently,Frequently,Occasionally,Occasionally,1
Web Link 1,5493955384,94893521,02/27/2018 08:17:11 AM,04/19/2019 07:44:52 AM,24.227.200.250, , , , ,141251,02,28,2018,04,10,2012,5,Female,K,76708,Yes, , , , ,White, , ,No, ,Always,Always,Always,Occasionally,Never,Never,Never,Never,Never,Never,Occasionally,Never,Never,Never,Never,Occasionally,Never,Never,Never,1
Web Link 1,5493958295,94893521,02/27/2018 08:21:08 AM,04/19/2019 07:45:17 AM,24.227.200.250, , , , ,141252,02,28,2018,07,23,2012,5,Female,K,76708,No, ,Asian, , ,White, , ,No, ,Always,Always,Always,Frequently,Never,Never,Never,Never,Never,Never,Occasionally,Never,Never,Never,Never,Occasionally,Occasionally,Never,Never,1
Web Link 1,5493959178,94893521,02/27/2018 08:25:39 AM,04/19/2019 07:45:37 AM,24.227.200.250, , , , ,141253,02,28,2018,05,20,2012,5,Female,K,76708,Yes, , , , ,White, , ,No, ,Always,Always,Always,Occasionally,Never,Never,Never,Never,Never,Occasionally,Occasionally,Never,Never,Never,Never,Occasionally,Never,Never,Never,1
Web Link 1,5493961903,94893521,02/27/2018 08:31:35 AM,04/19/2019 07:47:38 AM,24.227.200.250, , , , ,141254,02,28,2018,03,04,2012,5,Male,K,76633,No, , , , ,White, , ,No, ,Always,Always,Always,Frequently,Never,Never,Never,Never,Never,Never,Occasionally,Never,Never,Never,Never,Occasionally,Never,Never,Never,1
Web Link 1,5494009212,94893521,02/27/2018 10:21:56 AM,04/19/2019 07:49:02 AM,24.227.200.250, , , , ,141256,02,28,2018,02,23,2012,6,Female,K,76712,No, ,Asian, , , , , ,No, ,Always,Always,Always,Always,Never,Never,Never,Never,Never,Never,Frequently,Never,Never,Never,Never,Occasionally,Never,Never,Occasionally,1
Web Link 1,5494010217,94893521,02/27/2018 10:24:42 AM,02/27/2018 10:25:58 AM,24.227.200.250, , , , ,141257,02,28,2018,01,16,2012,6,Female,K,76708,No, , , , ,White, , ,No, ,Always,Always,Always,Always,Never,Never,Never,Never,Never,Never,Occasionally,Never,Never,Never,Never,Occasionally,Never,Never,Occasionally,1
Web Link 1,5494011011,94893521,02/27/2018 10:26:22 AM,04/19/2019 07:49:50 AM,24.227.200.250, , , , ,141258,02,28,2018,07,23,2008,9,Male,4,76712,No, ,Asian, , , , , ,No, ,Always,Always,Always,Frequently,Never,Never,Never,Never,Never,Never,Occasionally,Never,Never,Never,Never,Occasionally,Never,Never,Occasionally,1
Web Link 1,5494012197,94893521,02/27/2018 10:29:23 AM,04/19/2019 07:50:32 AM,24.227.200.250, , , , ,141259,02,28,2018,04,29,2008,9,Female,4,76708,Yes, , , , ,White, , ,No, ,Always,Always,Always,Always,Frequently,Occasionally,Never,Occasionally,Occasionally,Occasionally,Occasionally,Never,Never,Never,Never,Frequently,Frequently,Never,Occasionally,1
Web Link 1,5494013148,94893521,02/27/2018 10:32:20 AM,04/19/2019 08:04:21 AM,24.227.200.250, , , , ,141260,02,28,2018,12,13,2006,11,Male,5,76705,No, , , , ,White, , ,No, ,Always,Always,Always,Always,Never,Never,Never,Never,Never,Never,Never,Never,Never,Never,Never,Never,Never,Never,Never,1
Web Link 1,5494013921,94893521,02/27/2018 10:33:57 AM,02/27/2018 10:35:21 AM,24.227.200.250, , , , ,141261,02,28,2018,12,29,2006,11,Male,5,76708,No, , , , ,White, , ,No, ,Always,Always,Always,Always,Never,Never,Never,Never,Never,Never,Never,Never,Never,Never,Never,Never,Never,Never,Never,1
Web Link 1,5494015592,94893521,02/27/2018 10:38:04 AM,02/27/2018 10:39:18 AM,24.227.200.250, , , , ,141262,02,28,2018,01,25,2007,11,Female,5,76708,No, , , , ,White, , ,No, ,Always,Always,Always,Always,Never,Never,Never,Never,Never,Never,Never,Never,Never,Never,Never,Never,Never,Never,Never,1
Web Link 1,5494046595,94893521,02/27/2018 11:53:40 AM,04/19/2019 08:06:29 AM,24.227.200.250, , , , ,141263,02,28,2018,06,29,2006,11,Male,5,76689,No, , , , ,White, , ,No, ,Always,Always,Always,Always,Never,Never,Never,Never,Never,Never,Never,Never,Never,Never,Never,Never,Never,Never,Never,1
Web Link 1,5494047249,94893521,02/27/2018 11:55:19 AM,02/27/2018 11:56:52 AM,24.227.200.250, , , , ,141264,02,28,2018,02,26,2007,11,Male,5,76708,No, , , , ,White, , ,No, ,Always,Always,Always,Always,Never,Never,Never,Never,Never,Never,Occasionally,Never,Never,Never,Never,Occasionally,Never,Never,Occasionally,1
Web Link 1,5494048035,94893521,02/27/2018 11:57:15 AM,02/27/2018 11:58:42 AM,24.227.200.250, , , , ,141291,02,28,2018,02,05,2007,11,Male,5,76708,No, , , , ,White, , ,No, ,Always,Always,Always,Always,Never,Never,Never,Never,Never,Never,Occasionally,Never,Never,Never,Never,Occasionally,Never,Never,Occasionally,1
Web Link 1,5495476009,94893521,03/03/2018 05:50:55 PM,03/03/2018 05:52:56 PM,24.254.201.70, , , , ,119118,03,03,2018,02,24,2012,6,Female,K,23702,No, , , , ,White, , ,No, ,Always,Always,Always,Always,Never,Never,Never,Never,Never,Never,Never,Never,Occasionally,Never,Never,Never,Never,Never,Occasionally,1
Web Link 1,5498316211,94893521,03/12/2018 12:15:39 PM,03/12/2018 12:18:31 PM,24.227.200.250, , , , ,141255,03,12,2018,11,13,2011,6,Female,K,76708,No, , , , ,White, , ,No, ,Always,Always,Always,Always,Never,Never,Never,Never,Never,Never,Occasionally,Never,Never,Never,Never,Occasionally,Occasionally,Never,Occasionally,1
Web Link 1,5507285265,94893521,04/09/2018 11:19:05 AM,04/09/2018 11:20:56 AM,216.54.120.89, , , , ,119125,04,09,2018,06,26,2009,8,Female,2,23704,No, , ,Black/African American, , , , ,No, ,Always,Always,Always,Always,Never,Never,Never,Never,Never,Never,Never,Never,Never,Never,Never,Never,Never,Never,Never,1
Web Link 1,5508810972,94893521,04/13/2018 01:01:18 PM,04/13/2018 01:03:51 PM,216.54.120.67, , , , ,119119,04,13,2018,08,10,2007,10,Female,5,23703,No, , ,Black/African American, , , , ,No, ,Always,Always,Always,Always,Never,Never,Never,Never,Never,Never,Never,Never,Never,Never,Never,Never,Never,Never,Never,1
Web Link 1,5517529194,94893521,05/11/2018 10:56:40 AM,05/11/2018 10:59:40 AM,216.54.120.67, , , , ,119126,05,11,2018,11,21,2008,9,Male,3,23701,No, , ,Black/African American, , , , ,No, ,Always,Always,Always,Always,Never,Never,Never,Never,Never,Never,Never,Never,Never,Never,Never,Never,Never,Never,Never,1
Web Link 1,5526355766,94893521,06/10/2018 12:12:01 PM,06/10/2018 12:15:15 PM,70.174.114.209, , , , ,119124,06,10,2018,01,17,2012,6,Male,K,23661,No, , , , ,White, , ,No, ,Always,Always,Always,Always,Never,Occasionally,Never,Never,Never,Never,Never,Never,Never,Never,Never,Never,Never,Never,Never,1
Web Link 1,5529507246,94893521,06/21/2018 10:06:46 AM,06/21/2018 10:08:44 AM,216.54.120.67, , , , ,119127,06,21,2018,06,26,2006,11,Female,6,23707,No, , ,Black/African American, , , , ,No, ,Always,Always,Always,Always,Never,Occasionally,Never,Never,Never,Occasionally,Never,Never,Never,Never,Never,Never,Never,Never,Never,1
Web Link 1,5529508122,94893521,06/21/2018 10:09:10 AM,06/21/2018 10:11:21 AM,216.54.120.67, , , , ,119128,06,21,2018,09,29,2009,8,Female,3,23707,No, , ,Black/African American, , , , ,No, ,Always,Always,Always,Always,Never,Never,Never,Never,Never,Never,Never,Never,Never,Never,Never,Never,Never,Never,Never,1
Web Link 1,5529509290,94893521,06/21/2018 10:11:43 AM,06/21/2018 10:14:58 AM,216.54.120.67, , , , ,119129,06,21,2018,04,20,2011,7,Female,1,23707,No, , ,Black/African American, , , , ,No, ,Always,Always,Always,Frequently,Never,Occasionally,Never,Never,Never,Never,Never,Never,Never,Never,Never,Never,Never,Never,Never,1
Web Link 1,5529510407,94893521,06/21/2018 10:15:47 AM,06/21/2018 10:18:31 AM,216.54.120.67, , , , ,119130,06,21,2018,01,24,2012,6,Male,K,23707,No, , ,Black/African American, , , , ,No, ,Always,Always,Always,Always,Never,Never,Never,Never,Never,Never,Occasionally,Never,Never,Never,Never,Never,Never,Never,Never,1
Web Link 1,5529511493,94893521,06/21/2018 10:19:07 AM,06/21/2018 10:21:18 AM,216.54.120.67, , , , ,119131,06,21,2018,05,24,2007,11,Male,4,23707,No, , ,Black/African American, , , , ,No, ,Frequently,Frequently,Frequently,Always,Never,Never,Occasionally,Never,Never,Never,Never,Never,Never,Never,Never,Never,Never,Never,Never,1
Web Link 1,5529512346,94893521,06/21/2018 10:21:44 AM,04/19/2019 07:26:45 AM,216.54.120.67, , , , ,119132,06,21,2018,05,06,2007,10,Male,4,23707,No, , ,Black/African American, , , , ,No, ,Always,Always,Always,Always,Never,Never,Never,Never,Never,Never,Never,Never,Never,Never,Never,Never,Never,Never,Never,1
Web Link 1,5552113466,94893521,09/16/2018 09:07:13 AM,09/16/2018 09:09:42 AM,107.77.209.159, , , , ,294015,09,16,2018,10,10,2009,8,Female,3,60643,No, , ,Black/African American, , , , ,No, ,Always,Always,Always,Always,Never,Never,Never,Never,Never,Never,Never,Never,Never,Never,Never,Never,Never,Never,Never,1
Web Link 1,5552113890,94893521,09/16/2018 09:10:32 AM,09/16/2018 09:13:27 AM,107.77.209.159, , , , ,294016,09,16,2018,08,25,2007,11,Female,6,60643,No, , ,Black/African American, , , , ,No, ,Always,Always,Always,Always,Never,Never,Never,Never,Never,Never,Never,Never,Never,Never,Never,Never,Never,Never,Never,1
Web Link 1,5554320067,94893521,09/25/2018 10:22:58 AM,09/25/2018 10:26:02 AM,64.150.11.64, , , , ,294001,09,25,2018,07,04,2008,10,Male,5,60620,No, , ,Black/African American, , , , ,No, ,Always,Always,Always,Always,Never,Never,Never,Never,Never,Never,Never,Never,Never,Never,Never,Never,Never,Never,Never,1
Web Link 1,5554576376,94893521,09/26/2018 08:54:41 AM,09/26/2018 08:58:47 AM,64.150.11.64, , , , ,294012,09,26,2018,03,28,2012,6,Female,1,60637,No, , ,Black/African American, , , , ,No, ,Always,Always,Always,Always,Never,Never,Never,Never,Never,Never,Never,Never,Never,Never,Never,Never,Never,Never,Never,1
Web Link 1,5554638293,94893521,09/26/2018 12:20:12 PM,09/26/2018 12:24:46 PM,172.58.140.141, , , , ,294014,09,26,2018,01,26,2011,7,Female,2,60637,No, , ,Black/African American, , , , ,No, ,Always,Always,Always,Always,Never,Occasionally,Never,Never,Never,Never,Never,Never,Never,Never,Never,Occasionally,Never,Never,Never,1
Web Link 1,5554923588,94893521,09/27/2018 12:30:02 PM,09/27/2018 12:32:37 PM,70.62.114.162, , , , ,292027,09,27,2018,11,10,2007,11,Male,6,28214,No, , ,Black/African American, , , , ,No, ,Frequently,Frequently,Frequently,Occasionally,Never,Never,Frequently,Occasionally,Never,Never,Frequently,Never,Never,Never,Never,Never,Never,Frequently,Occasionally,1
Web Link 1,5554924501,94893521,09/27/2018 12:33:03 PM,09/27/2018 12:36:07 PM,70.62.114.162, , , , ,292028,09,27,2018,04,06,2007,11,Male,7,28214,No, , ,Black/African American, , , , ,No, ,Occasionally,Never,Never,Never,Occasionally,Occasionally,Always,Never,Occasionally,Never,Frequently,Occasionally,Never,Never,Occasionally,Never,Never,Always,Occasionally,1
Web Link 1,5554925726,94893521,09/27/2018 12:36:49 PM,09/27/2018 12:39:59 PM,70.62.114.162, , , , ,292029,09,27,2018,06,06,2007,11,Male,7,28214,No, , ,Black/African American, , , , ,No, ,Frequently,Always,Always,Frequently,Never,Occasionally,Never,Occasionally,Occasionally,Occasionally,Frequently,Never,Never,Never,Never,Never,Occasionally,Occasionally,Occasionally,1
Web Link 1,5554926545,94893521,09/27/2018 12:40:26 PM,09/27/2018 12:43:01 PM,70.62.114.162, , , , ,292030,09,27,2018,01,21,2006,12,Female,7,28214,Yes, , , , , ,Other (please specify),Spanish,No, ,Always,Always,Always,Always,Occasionally,Occasionally,Never,Never,Never,Never,Never,Frequently,Never,Frequently,Never,Frequently,Frequently,Occasionally,Occasionally,1
Web Link 1,5554927337,94893521,09/27/2018 12:43:25 PM,09/27/2018 12:45:53 PM,70.62.114.162, , , , ,292031,09,27,2018,03,01,2006,12,Female,7,28214,Yes, , , , , ,Other (please specify),Spanish,No, ,Always,Always,Always,Always,Never,Never,Never,Never,Never,Never,Never,Never,Never,Never,Never,Occasionally,Occasionally,Never,Occasionally,1
Web Link 1,5554928064,94893521,09/27/2018 12:46:04 PM,09/27/2018 12:48:38 PM,70.62.114.162, , , , ,292032,09,27,2018,11,10,2007,12,Male,7,28214,No, , ,Black/African American, , , , ,No, ,Never,Never,Never,Always,Occasionally,Frequently,Always,Occasionally,Always,Always,Always,Occasionally,Never,Never,Occasionally,Never,Never,Always,Occasionally,1
Web Link 1,5554928850,94893521,09/27/2018 12:48:46 PM,09/27/2018 12:51:28 PM,70.62.114.162, , , , ,292033,09,27,2018,10,05,2006,11,Female,6,28216,No, , ,Black/African American, , , , ,No, ,Frequently,Frequently,Frequently,Occasionally,Occasionally,Never,Frequently,Never,Never,Occasionally,Occasionally,Never,Never,Never,Never,Never,Never,Frequently,Occasionally,1
Web Link 1,5554929824,94893521,09/27/2018 12:51:43 PM,09/27/2018 12:54:49 PM,70.62.114.162, , , , ,292034,09,27,2018,09,21,2005,12,Female,7,28216,No, , ,Black/African American, , , , ,No, ,Always,Always,Always,Always,Frequently,Frequently,Occasionally,Frequently,Occasionally,Frequently,Frequently,Occasionally,Never,Occasionally,Never,Occasionally,Frequently,Occasionally,Frequently,1
Web Link 1,5554930622,94893521,09/27/2018 12:54:59 PM,09/27/2018 12:57:18 PM,70.62.114.162, , , , ,292035,09,27,2018,12,05,2005,12,Female,7,28214,Yes, , , , , ,Other (please specify),Spanish,No, ,Never,Never,Occasionally,Never,Occasionally,Always,Always,Occasionally,Frequently,Never,Frequently,Never,Never,Occasionally,Never,Never,Never,Never,Occasionally,1
Web Link 1,5557727417,94893521,10/09/2018 09:33:29 AM,10/09/2018 09:39:09 AM,64.150.11.64, , , , ,294017,10,09,2018,08,13,2007,11,Male,6,60636,No, , ,Black/African American, , , , ,No, ,Always,Always,Always,Always,Never,Never,Never,Never,Never,Never,Never,Never,Never,Never,Never,Never,Never,Never,Never,1
Web Link 1,5557728960,94893521,10/09/2018 09:39:26 AM,10/09/2018 09:41:52 AM,64.150.11.64, , , , ,294018,10,09,2018,11,16,2008,9,Male,4,60636,No, , ,Black/African American, , , , ,No, ,Always,Always,Always,Always,Never,Never,Never,Never,Never,Never,Never,Never,Never,Never,Never,Never,Never,Never,Never,1
Web Link 1,5557729640,94893521,10/09/2018 09:42:10 AM,04/19/2019 08:34:38 AM,64.150.11.64, , , , ,294019,10,09,2018,12,22,2005,12,Female,7,60643,Yes, , , ,Native Hawaiian/Pacific Islander, ,Other (please specify),Hispanic,No, ,Always,Always,Always,Always,Never,Never,Never,Never,Never,Never,Never,Never,Never,Never,Never,Never,Never,Never,Never,1
Web Link 1,5557730206,94893521,10/09/2018 09:44:14 AM,10/09/2018 09:50:23 AM,64.150.11.64, , , , ,294020,10,09,2018,10,29,2008,9,Male,4,60643,Yes, , , , , ,Other (please specify),Hispanic,No, ,Always,Always,Always,Always,Never,Never,Never,Never,Never,Never,Never,Never,Occasionally,Never,Never,Never,Never,Never,Never,1
Web Link 1,5557733002,94893521,10/09/2018 09:53:00 AM,10/09/2018 09:58:09 AM,64.150.11.64, , , , ,294021,10,09,2018,05,23,2010,8,Female,3,60609,No, , ,Black/African American, , , , ,No, ,Always,Always,Always,Always,Never,Occasionally,Never,Never,Never,Never,Never,Never,Never,Never,Never,Never,Never,Never,Never,1
Web Link 1,5558043168,94893521,10/10/2018 11:14:21 AM,10/10/2018 11:33:56 AM,64.150.11.64, , , , ,294013,10,10,2018,10,24,2012,5,Male,K,60637,No, , ,Black/African American, , , , ,No, ,Occasionally,Occasionally,Frequently,Occasionally,Occasionally,Frequently,Occasionally,Frequently,Occasionally,Frequently,Occasionally,Never,Never,Occasionally,Never,Occasionally,Occasionally,Frequently,Frequently,1
Web Link 1,5558591022,94893521,10/12/2018 11:12:45 AM,10/12/2018 11:17:41 AM,168.8.249.74, , , , ,298026,10,10,2018,10,24,2008,9,Female,4,30052,No, , ,Black/African American, , , , ,Yes,ADHD,Frequently,Occasionally,Frequently,Frequently,Never,Occasionally,Occasionally,Never,Never,Never,Never,Never,Never,Never,Never,Never,Never,Never,Never,1
Web Link 1,5559480270,94893521,10/16/2018 02:07:04 PM,10/16/2018 02:25:46 PM,172.58.3.59, , , , ,298028,10,16,2018,03,24,2012,6,Male,K,30044,No, , ,Black/African American, , , , ,Yes,Significant developmental delay,Always,Always,Always,Frequently,Never,Never,Never,Occasionally,Occasionally,Occasionally,Occasionally,Never,Never,Occasionally,Never,Occasionally,Always,Never,Occasionally,1
Web Link 1,5559917410,94893521,10/18/2018 07:00:50 AM,10/18/2018 07:03:19 AM,168.8.244.10, , , , ,298027,10,18,2018,03,04,2006,12,Female,7,30052,No, , ,Black/African American, , , , ,No, ,Frequently,Always,Always,Always,Never,Never,Never,Never,Never,Never,Never,Never,Never,Never,Never,Never,Never,Never,Never,1
Web Link 1,5560217154,94893521,10/19/2018 09:00:24 AM,10/19/2018 09:08:07 AM,168.8.249.74, , , , ,298014,10,19,2018,08,06,2013,5,Female,K,30044,No, , ,Black/African American, , , , ,No, ,Occasionally,Occasionally,Occasionally,Frequently,Occasionally,Occasionally,Occasionally,Never,Never,Never,Never,Never,Never,Never,Never,Never,Never,Never,Never,1
Web Link 1,5560233808,94893521,10/19/2018 10:06:40 AM,10/19/2018 10:08:47 AM,209.175.44.62, , , , ,294025,10,19,2018,02,04,2010,8,Male,3,60803,No, , ,Black/African American, , , , ,No, ,Occasionally,Frequently,Occasionally,Always,Never,Never,Frequently,Never,Frequently,Never,Never,Never,Never,Never,Never,Never,Never,Never,Never,1
Web Link 1,5560234336,94893521,10/19/2018 10:08:55 AM,10/19/2018 10:11:36 AM,209.175.44.62, , , , ,294024,10,19,2018,02,24,2010,11,Female,6,60803,No, , ,Black/African American, , , , ,No, ,Always,Always,Always,Frequently,Never,Never,Never,Never,Never,Never,Never,Never,Never,Never,Never,Never,Never,Never,Never,1
Web Link 1,5560235079,94893521,10/19/2018 10:11:46 AM,10/19/2018 10:13:52 AM,209.175.44.62, , , , ,294023,10,19,2018,01,05,2007,11,Male,6,60805,No, , ,Black/African American, , , , ,No, ,Always,Always,Always,Always,Never,Never,Never,Never,Never,Never,Never,Never,Never,Never,Never,Never,Never,Never,Never,1
Web Link 1,5560235689,94893521,10/19/2018 10:14:05 AM,10/19/2018 10:16:50 AM,209.175.44.62, , , , ,294022,10,19,2018,01,05,2007,11,Female,6,60805,No, , ,Black/African American, , , , ,No, ,Always,Always,Always,Always,Never,Never,Never,Never,Never,Never,Never,Never,Never,Never,Never,Never,Never,Never,Never,1
Web Link 1,5560334164,94893521,10/19/2018 08:39:38 PM,10/19/2018 08:41:17 PM,172.58.3.146, , , , ,298029,10,04,2018,04,03,2013,5,Male,K,30011,No, , ,Black/African American, , , , ,No, ,Occasionally,Always,Occasionally,Occasionally,Frequently,Occasionally,Occasionally,Occasionally,Frequently,Frequently,Always,Never,Occasionally,Occasionally,Frequently,Frequently,Frequently,Occasionally,Occasionally,1
Web Link 1,5560577721,94893521,10/21/2018 01:54:01 PM,04/19/2019 08:41:59 AM,73.122.201.29, , , , ,298046,10,19,2018,04,24,2006,12,Male,7,30043,Yes, , , , , ,Other (please specify),Hispanic,No, ,Occasionally,Occasionally,Frequently,Occasionally,Frequently,Frequently,Occasionally,Occasionally,Frequently,Occasionally,Always,Occasionally,Frequently,Occasionally,Occasionally,Frequently,Occasionally,Frequently,Occasionally,1
Web Link 1,5560577887,94893521,10/21/2018 01:55:32 PM,04/19/2019 08:41:34 AM,73.122.201.29, , , , ,298045,10,19,2018,09,23,2007,11,Male,6,30043,Yes, , , , , ,Other (please specify),Hispanic,No, ,Occasionally,Frequently,Occasionally,Frequently,Occasionally,Occasionally,Frequently,Occasionally,Frequently,Occasionally,Occasionally,Frequently,Frequently,Occasionally,Frequently,Occasionally,Frequently,Occasionally,Frequently,1
Web Link 1,5560875832,94893521,10/22/2018 05:44:56 PM,04/19/2019 08:42:17 AM,68.131.39.216, , , , ,298047,10,21,2018,06,17,2007,11,Male,6,30241,Yes, , , , , ,Other (please specify),Hispanic,No, ,Occasionally,Occasionally,Frequently,Occasionally,Frequently,Occasionally,Frequently,Never,Frequently,Always,Always,Never,Occasionally,Occasionally,Frequently,Occasionally,Frequently,Never,Always,1
Web Link 1,5560877781,94893521,10/22/2018 05:58:47 PM,10/22/2018 05:59:45 PM,68.131.39.216, , , , ,298033,10,21,2018,01,25,2008,10,Male,5,30421,Yes, , , , , ,Other (please specify),Hispanic,No, ,Occasionally,Occasionally,Frequently,Occasionally,Frequently,Never,Frequently,Never,Occasionally,Frequently,Occasionally,Occasionally,Frequently,Occasionally,Frequently,Never,Occasionally,Occasionally,Frequently,1
Web Link 1,5561888209,94893521,10/26/2018 10:35:35 AM,10/26/2018 10:43:00 AM,209.175.44.62, , , , ,294046,10,26,2018,09,05,2009,9,Male,3,60620,No, , , , ,White, , ,No, ,Frequently,Frequently,Frequently,Always,Never,Never,Occasionally,Never,Occasionally,Never,Never,Never,Never,Never,Never,Never,Never,Occasionally,Never,1
Web Link 1,5561890466,94893521,10/26/2018 10:44:00 AM,10/26/2018 10:47:32 AM,209.175.44.62, , , , ,294047,10,26,2018,11,27,2009,8,Female,3,60620,No, , ,Black/African American, , , , ,No, ,Frequently,Always,Always,Frequently,Never,Never,Never,Never,Never,Never,Never,Never,Never,Never,Never,Never,Never,Frequently,Never,1
Web Link 1,5561891264,94893521,10/26/2018 10:47:53 AM,10/26/2018 10:53:04 AM,209.175.44.62, , , , ,294028,10,26,2018,08,14,2011,7,Male,2,60652,No, , ,Black/African American,Native Hawaiian/Pacific Islander, , , ,No, ,Frequently,Always,Always,Frequently,Occasionally,Occasionally,Never,Never,Occasionally,Occasionally,Never,Never,Never,Never,Never,Never,Never,Occasionally,Never,1
Web Link 1,5561892724,94893521,10/26/2018 10:53:24 AM,10/26/2018 10:55:59 AM,209.175.44.62, , , , ,294029,10,26,2018,11,04,2005,12,Male,7,60621,No, , ,Black/African American, , , , ,No, ,Always,Always,Always,Always,Never,Never,Never,Never,Never,Never,Never,Never,Never,Never,Never,Never,Never,Never,Never,1
Web Link 1,5562226385,94893521,10/28/2018 11:32:43 AM,04/19/2019 08:37:41 AM,73.122.201.29, , , , ,298025,10,25,2018,05,05,2012,6,Female,K,30241,No, , ,Black/African American, , , , ,No, ,Always,Always,Always,Always,Never,Never,Never,Never,Never,Never,Never,Never,Never,Never,Never,Never,Never,Never,Never,1
Web Link 1,5562277750,94893521,10/28/2018 06:43:36 PM,10/28/2018 06:45:23 PM,108.222.28.112, , , , ,298003,10,28,2018,04,17,2009,9,Female,4,30046,No, , ,Black/African American, , , , ,No, ,Frequently,Frequently,Frequently,Never,Never,Never,Never,Never,Never,Never,Never,Never,Never,Never,Never,Never,Never,Never,Never,1
Web Link 1,5563473457,94893521,11/02/2018 06:54:31 AM,11/02/2018 07:00:57 AM,64.150.5.14, , , , ,294030,11,02,2018,05,08,2008,10,Male,5,60621,No, , ,Black/African American, , , , ,No, ,Always,Always,Always,Always,Never,Never,Never,Never,Never,Never,Never,Never,Never,Never,Never,Never,Never,Never,Never,1
Web Link 1,5563475024,94893521,11/02/2018 07:02:01 AM,11/02/2018 07:06:54 AM,64.150.5.14, , , , ,294031,11,02,2018,08,16,2006,12,Female,7,60621,No, , ,Black/African American, , , , ,No, ,Always,Always,Always,Always,Never,Never,Never,Never,Never,Never,Never,Occasionally,Never,Never,Never,Never,Never,Never,Never,1
Web Link 1,5563476353,94893521,11/02/2018 07:07:32 AM,11/02/2018 07:10:04 AM,64.150.5.14, , , , ,294032,11,02,2018,06,23,2009,9,Female,4,60624,No, , ,Black/African American, ,White, , ,No, ,Always,Always,Always,Always,Never,Never,Never,Never,Never,Never,Never,Never,Never,Never,Never,Never,Never,Never,Never,1
Web Link 1,5563477721,94893521,11/02/2018 07:12:07 AM,11/02/2018 07:16:18 AM,64.150.5.14, , , , ,294033,11,02,2018,03,19,2012,6,Female,1,60620,No, , ,Black/African American, , , , ,No, ,Always,Always,Always,Always,Never,Never,Never,Never,Never,Never,Never,Frequently,Never,Never,Never,Never,Never,Never,Never,1
Web Link 1,5565174374,94893521,11/09/2018 08:55:00 AM,11/09/2018 08:57:20 AM,209.175.44.64, , , , ,294034,11,09,2018,11,18,2008,9,Male,4,60637,No, , ,Black/African American, , , , ,No, ,Always,Always,Always,Frequently,Never,Never,Never,Never,Never,Occasionally,Never,Never,Never,Never,Never,Never,Never,Never,Never,1
Web Link 1,5565175168,94893521,11/09/2018 08:57:52 AM,11/09/2018 09:31:47 AM,209.175.44.64, , , , ,294035,11,09,2018,04,01,2006,12,Male,7,60637,No, , ,Black/African American, ,White, , ,No, ,Always,Always,Always,Always,Never,Never,Never,Never,Never,Never,Never,Never,Never,Never,Never,Never,Never,Never,Never,1
Web Link 1,5565578795,94893521,11/11/2018 07:33:11 PM,04/19/2019 08:39:50 AM,73.122.201.29, , , , ,298035,11,09,2018,06,13,2011,7,Male,2,30034,Yes, , ,Black/African American, , , , ,No, ,Frequently,Frequently,Always,Always,Never,Never,Never,Never,Never,Never,Never,Never,Never,Never,Never,Never,Never,Never,Never,1
Web Link 1,5565658506,94893521,11/12/2018 05:50:00 AM,04/19/2019 08:40:10 AM,12.238.122.226, , , , ,298036,11,12,2018,12,26,2012,5,Male,K,30046,No, , ,Black/African American, , , , ,No, ,Frequently,Occasionally,Frequently,Occasionally,Occasionally,Occasionally,Occasionally,Occasionally,Occasionally,Occasionally,Occasionally,Occasionally,Occasionally,Occasionally,Occasionally,Occasionally,Occasionally,Occasionally,Occasionally,1
Web Link 1,5566483125,94893521,11/15/2018 06:46:01 AM,11/15/2018 06:47:44 AM,168.8.249.122, , , , ,298042,11,13,2018,02,05,2007,11,Female,6,30345,No, , ,Black/African American, , , , ,No, ,Always,Frequently,Occasionally,Frequently,Never,Never,Never,Never,Never,Never,Never,Never,Never,Never,Never,Never,Never,Never,Never,1
Web Link 1,5566574625,94893521,11/15/2018 11:45:33 AM,04/19/2019 08:37:42 AM,168.8.249.122, , , , ,298034,11,15,2018,01,06,2007,11,Female,6,30345,Yes,American Indian/Alaska Native, , , , , , ,No, ,Always,Always,Frequently,Always,Never,Never,Never,Never,Never,Never,Never,Never,Never,Never,Never,Never,Never,Never,Never,1
